case_t,district,case_f,landa,scnt,sbuild,buitype,pbuild,farea,build_r,build_l,build_b,build_p,rule,tprice,upnote,parktype,parea,elevator,metro_in500,metro_in1000,metro_in1500
買賣,中正區,房地(土地+建物)+車位,2.39,土地:1建物:1車位:1,十四層,大樓(11層含以上有電梯),見其他登記事項,37.88,2.0,1.0,1.0,有,有,3745,否,坡道平面1,10.67,有,3,6,12
買賣,中山區,房地(土地+建物)+車位,14.24,土地:1建物:1車位:1,七層,華廈(10層含以下有電梯),住家用,47.1,3.0,2.0,2.0,有,有,3528,是,坡道平面1,0.0,有,0,1,4
買賣,中正區,房地(土地+建物),4.46,土地:1建物:1車位:,三層,公寓(5樓含以下無電梯),,10.62,1.0,1.0,1.0,有,無,620,否,,0.0,無,0,1,6
買賣,士林區,房地(土地+建物),5.83,土地:1建物:1車位:,六層,大樓(11層含以上有電梯),住家用,43.7,4.0,2.0,2.0,有,有,3000,否,,0.0,有,0,2,3
預售屋,信義區,房地(土地+建物)+車位,0.89,土地:5建物:1車位:1,十四層,住宅大樓(11層含以上有電梯),住家用,36.49,3.0,2.0,2.0,有,,5228,否,其他1,6.38,,0,2,8
買賣,信義區,房地(土地+建物)+車位,4.97,土地:1建物:1車位:1,"一層,地下一層,地下二層,地下三層",華廈(10層含以下有電梯),住家用,33.61,1.0,1.0,1.0,有,有,2850,否,坡道平面1,14.56,有,1,3,4
買賣,松山區,房地(土地+建物),6.66,土地:1建物:1車位:,七層,華廈(10層含以下有電梯),住家用,39.06,3.0,2.0,2.0,有,有,3550,否,,0.0,有,1,4,8
預售屋,中正區,房地(土地+建物),2.1,土地:8建物:1車位:,九層,住宅大樓(11層含以上有電梯),住家用,21.05,2.0,1.0,1.0,有,,2993,否,,0.0,,3,7,14
買賣,松山區,房地(土地+建物),8.78,土地:1建物:1車位:,六層,華廈(10層含以下有電梯),住家用,51.24,4.0,2.0,2.0,有,無,4100,否,,0.0,有,1,3,6
買賣,內湖區,房地(土地+建物)+車位,4.88,土地:1建物:1車位:1,四層,大樓(11層含以上有電梯),商業用,30.52,,,,無,有,2300,否,坡道機械1,5.0,有,0,0,1
買賣,萬華區,房地(土地+建物),8.18,土地:1建物:1車位:,九層,大樓(11層含以上有電梯),住家用,30.78,2.0,2.0,1.0,有,有,1582,否,,0.0,有,0,0,6
預售屋,大安區,房地(土地+建物)+車位,6.46,土地:2建物:1車位:1,三層,華廈(10層含以下有電梯),住家用,39.06,2.0,2.0,2.0,有,,4627,否,升降機械1,5.15,,1,3,9
買賣,中正區,房地(土地+建物),0.3,土地:4建物:1車位:,一層,大樓(11層含以上有電梯),商業用,1.96,1.0,0.0,0.0,有,無,100,否,,0.0,有,1,3,6
買賣,內湖區,房地(土地+建物)+車位,6.63,土地:1建物:1車位:1,五層,華廈(10層含以下有電梯),見其他登記事項,27.44,2.0,1.0,2.0,有,無,2395,否,其他1,2.0,有,0,2,2
預售屋,萬華區,房地(土地+建物)+車位,5.26,土地:34建物:1車位:1,十層,住宅大樓(11層含以上有電梯),見其他登記事項,51.51,3.0,2.0,2.0,有,,3760,否,坡道平面1,13.66,,0,1,1
預售屋,中正區,房地(土地+建物),2.1,土地:8建物:1車位:,十層,住宅大樓(11層含以上有電梯),住家用,21.05,2.0,1.0,1.0,有,,3088,否,,0.0,,3,7,14
買賣,信義區,房地(土地+建物),2.63,土地:1建物:1車位:,二層,公寓(5樓含以下無電梯),住家用,6.46,3.0,2.0,1.0,有,無,305,否,,0.0,無,0,2,5
買賣,士林區,房地(土地+建物),10.89,土地:1建物:1車位:,二層,公寓(5樓含以下無電梯),住家用,34.66,3.0,2.0,2.0,有,無,2450,否,,0.0,無,0,0,0
預售屋,松山區,房地(土地+建物)+車位,5.97,土地:1建物:1車位:2,十一層,住宅大樓(11層含以上有電梯),住家用,57.91,3.0,2.0,2.0,有,,5800,否,坡道平面2,20.42,,0,1,3
買賣,信義區,房地(土地+建物),16.22,土地:1建物:1車位:,一層,華廈(10層含以下有電梯),見其他登記事項,23.9,,,,無,有,2390,否,,0.0,有,0,1,1
預售屋,大安區,房地(土地+建物),2.83,土地:19建物:1車位:,一層,店面(店鋪),見其他登記事項,25.43,0.0,0.0,1.0,有,,4680,否,,0.0,,1,3,9
買賣,大安區,房地(土地+建物)+車位,4.53,土地:2建物:1車位:1,八層,大樓(11層含以上有電梯),住家用,51.27,1.0,0.0,2.0,有,有,9685,是,塔式車位1,3.62,有,0,4,12
買賣,文山區,房地(土地+建物),4.8,土地:1建物:1車位:,五層,華廈(10層含以下有電梯),見其他登記事項,20.41,1.0,1.0,1.0,有,無,1810,否,,0.0,有,1,1,6
買賣,文山區,房地(土地+建物),6.57,土地:1建物:1車位:,七層,華廈(10層含以下有電梯),住家用,26.11,3.0,1.0,1.0,有,無,576,否,,0.0,有,1,2,3
買賣,中正區,房地(土地+建物),1.49,土地:2建物:1車位:,五層,華廈(10層含以下有電梯),商業用,15.45,0.0,1.0,0.0,有,有,1230,否,,0.0,有,3,8,14
買賣,內湖區,房地(土地+建物),10.8,土地:1建物:1車位:,三層,大樓(11層含以上有電梯),住家用,53.38,4.0,2.0,2.0,有,有,3850,否,,0.0,有,2,2,5
預售屋,信義區,房地(土地+建物)+車位,1.54,土地:10建物:1車位:1,十六層,住宅大樓(11層含以上有電梯),住家用,29.86,2.0,2.0,1.0,有,,3398,否,坡道平面1,8.45,,1,3,6
買賣,大同區,房地(土地+建物)+車位,7.21,土地:1建物:1車位:1,六層,大樓(11層含以上有電梯),住家用,61.06,4.0,2.0,3.0,有,有,5928,否,坡道平面1,9.47,有,3,8,13
預售屋,信義區,房地(土地+建物)+車位,3.97,土地:11建物:1車位:1,十一層,住宅大樓(11層含以上有電梯),住家用,37.71,2.0,2.0,1.0,有,,5260,否,坡道平面1,10.3,,1,3,7
買賣,中山區,房地(土地+建物)+車位,1.87,土地:1建物:1車位:1,五層,大樓(11層含以上有電梯),住家用,20.09,,,,無,有,1700,否,升降機械1,5.83,有,2,5,15
買賣,大同區,房地(土地+建物),2.7,土地:1建物:1車位:,三層,華廈(10層含以下有電梯),商業用,21.7,2.0,1.0,1.0,有,有,1500,否,,0.0,有,1,3,10
預售屋,松山區,房地(土地+建物),3.84,土地:3建物:1車位:0,二層,華廈(10層含以下有電梯),住家用,19.41,2.0,1.0,1.0,有,,2280,否,,0.0,,0,1,3
買賣,中山區,房地(土地+建物),1.41,土地:1建物:1車位:,七層,大樓(11層含以上有電梯),商業用,17.72,,,,無,有,450,否,,0.0,有,2,9,14
買賣,中山區,房地(土地+建物)+車位,29.98,土地:1建物:1車位:2,二層,大樓(11層含以上有電梯),見其他登記事項,151.35,4.0,2.0,5.0,有,有,12200,是,坡道平面2,22.31,有,1,2,2
買賣,北投區,房地(土地+建物)+車位,6.78,土地:1建物:1車位:1,五層,華廈(10層含以下有電梯),住家用,34.38,2.0,1.0,1.0,有,無,1420,是,升降平面1,11.93,有,0,0,2
預售屋,中山區,房地(土地+建物),2.69,土地:6建物:1車位:,八層,住宅大樓(11層含以上有電梯),住家用,14.3,1.0,1.0,1.0,有,,1708,否,,0.0,,1,2,11
買賣,信義區,房地(土地+建物),8.68,土地:1建物:1車位:,六層,華廈(10層含以下有電梯),住家用,39.45,3.0,2.0,2.0,有,無,1888,否,,0.0,有,0,1,1
預售屋,萬華區,房地(土地+建物)+車位,5.21,土地:32建物:1車位:2,四層,住宅大樓(11層含以上有電梯),住商用,91.93,3.0,1.0,1.0,有,,5900,否,坡道平面2,18.63,,0,3,8
買賣,文山區,房地(土地+建物)+車位,8.02,土地:2建物:1車位:1,三層,華廈(10層含以下有電梯),住家用,18.93,2.0,0.0,1.0,有,有,750,是,塔式車位1,0.0,有,0,3,3
預售屋,萬華區,房地(土地+建物)+車位,4.18,土地:34建物:1車位:1,十一層,住宅大樓(11層含以上有電梯),見其他登記事項,43.56,2.0,2.0,2.0,有,,2900,否,坡道平面1,13.66,,0,1,1
買賣,南港區,車位,0.31,土地:1建物:1車位:3,"一層,地下一層",,見其他登記事項,1.88,,,,無,有,247,-,塔式車位3,0.0,有,1,3,4
買賣,大安區,車位,0.08,土地:1建物:1車位:1,"一層,地下一層,地下二層,地下三層",,停車空間,7.43,,,,無,有,320,-,坡道平面1,7.43,有,4,6,11
買賣,信義區,房地(土地+建物)+車位,46.94,土地:1建物:1車位:3,十五層,大樓(11層含以上有電梯),住家用,227.46,,,,無,有,44588,否,坡道平面3,38.01,有,0,4,5
買賣,北投區,房地(土地+建物)+車位,8.0,土地:1建物:1車位:1,十一層,大樓(11層含以上有電梯),見其他登記事項,51.9,3.0,2.0,2.0,有,有,5050,否,坡道平面1,11.28,有,0,1,3
買賣,中山區,房地(土地+建物),2.53,土地:1建物:1車位:,十層,華廈(10層含以下有電梯),住家用,12.51,1.0,1.0,1.0,有,有,720,否,,0.0,有,0,0,0
預售屋,北投區,房地(土地+建物)+車位,13.2,土地:1建物:1車位:2,二十三層,住宅大樓(11層含以上有電梯),住家用,89.74,4.0,2.0,3.0,有,,11322,否,坡道平面2,15.74,,0,0,0
預售屋,內湖區,房地(土地+建物)+車位,5.36,土地:6建物:1車位:1,七層,住宅大樓(11層含以上有電梯),住家用,50.81,3.0,2.0,2.0,有,,4652,否,坡道平面1,11.17,,0,2,2
買賣,松山區,房地(土地+建物),9.38,土地:5建物:1車位:,三層,公寓(5樓含以下無電梯),住家用,30.49,3.0,1.0,1.0,有,無,1800,否,,0.0,無,0,5,12
預售屋,萬華區,房地(土地+建物)+車位,5.16,土地:34建物:1車位:1,四層,住宅大樓(11層含以上有電梯),見其他登記事項,50.49,3.0,2.0,2.0,有,,3382,否,坡道平面1,13.66,,0,1,1
預售屋,萬華區,房地(土地+建物)+車位,4.18,土地:34建物:1車位:1,十四層,住宅大樓(11層含以上有電梯),見其他登記事項,43.56,2.0,2.0,2.0,有,,3035,否,坡道平面1,13.66,,0,1,1
預售屋,中正區,房地(土地+建物)+車位,3.09,土地:8建物:1車位:1,九層,住宅大樓(11層含以上有電梯),住家用,34.32,2.0,1.0,2.0,有,,4651,否,塔式車位1,3.28,,3,7,14
預售屋,內湖區,房地(土地+建物)+車位,5.14,土地:6建物:1車位:1,六層,住宅大樓(11層含以上有電梯),住家用,49.2,3.0,2.0,2.0,有,,4483,否,坡道平面1,11.17,,0,2,2
預售屋,大安區,房地(土地+建物)+車位,5.46,土地:19建物:1車位:1,三十層,住宅大樓(11層含以上有電梯),住家用,69.8,3.0,2.0,2.0,有,,13413,否,坡道平面1,10.83,,1,3,9
預售屋,萬華區,房地(土地+建物)+車位,3.51,土地:34建物:1車位:1,六層,住宅大樓(11層含以上有電梯),見其他登記事項,38.59,2.0,2.0,2.0,有,,2400,否,坡道平面1,13.66,,0,1,1
買賣,萬華區,房地(土地+建物)+車位,4.42,土地:1建物:1車位:1,八層,大樓(11層含以上有電梯),住家用,52.71,3.0,2.0,1.0,有,有,709,是,坡道平面1,0.0,有,1,3,4
預售屋,內湖區,房地(土地+建物)+車位,3.64,土地:6建物:1車位:1,七層,住宅大樓(11層含以上有電梯),住家用,38.09,2.0,2.0,1.0,有,,3197,否,坡道平面1,11.17,,0,2,2
買賣,松山區,房地(土地+建物),8.27,土地:1建物:1車位:,三層,華廈(10層含以下有電梯),住家用,42.5,3.0,2.0,2.0,有,有,3690,否,,0.0,有,1,5,10
買賣,萬華區,房地(土地+建物),13.46,土地:1建物:1車位:,三層,公寓(5樓含以下無電梯),,32.62,4.0,2.0,2.0,有,無,1920,否,,0.0,無,0,1,2
買賣,士林區,房地(土地+建物),9.91,土地:1建物:1車位:,四層,公寓(5樓含以下無電梯),住家用,22.12,2.0,2.0,1.0,有,無,1388,否,,0.0,無,1,2,3
買賣,內湖區,車位,3.31,土地:1建物:1車位:1,"一層,平台,地下層",,見使用執照,12.23,,,,無,無,194,-,坡道平面1,0.0,無,0,1,1
預售屋,信義區,房地(土地+建物)+車位,3.97,土地:11建物:1車位:1,十層,住宅大樓(11層含以上有電梯),住家用,37.71,2.0,2.0,1.0,有,,5233,否,坡道平面1,10.3,,1,3,7
買賣,大安區,房地(土地+建物),10.21,土地:5建物:1車位:,"四層,陽臺",公寓(5樓含以下無電梯),住家用,33.77,3.0,2.0,2.0,有,無,3498,否,,0.0,無,2,7,13
買賣,大安區,房地(土地+建物)+車位,5.38,土地:2建物:1車位:2,七層,大樓(11層含以上有電梯),住家用,61.17,,,,無,有,8913,是,塔式車位2,7.24,有,0,4,12
買賣,北投區,房地(土地+建物),8.77,土地:1建物:1車位:,四層,公寓(5樓含以下無電梯),工業用,29.02,1.0,1.0,1.0,有,無,800,否,,0.0,無,1,1,2
預售屋,大安區,房地(土地+建物)+車位,2.61,土地:19建物:1車位:1,十一層,住宅大樓(11層含以上有電梯),見其他登記事項,40.56,0.0,0.0,1.0,有,,5730,否,坡道平面1,10.83,,1,3,9
買賣,士林區,房地(土地+建物),5.18,土地:1建物:1車位:,十層,大樓(11層含以上有電梯),住家用,44.29,4.0,2.0,2.0,有,有,2745,否,,0.0,有,1,2,4
預售屋,大安區,房地(土地+建物)+車位,6.6,土地:19建物:1車位:2,二十一層,住宅大樓(11層含以上有電梯),住家用,91.0,4.0,2.0,2.0,有,,15008,否,坡道平面2,21.65,,1,3,9
買賣,大安區,房地(土地+建物)+車位,5.37,土地:2建物:1車位:1,三層,大樓(11層含以上有電梯),住家用,57.48,,,,無,有,8114,是,塔式車位1,3.62,有,0,4,12
預售屋,大安區,房地(土地+建物)+車位,3.99,土地:19建物:1車位:1,六層,住宅大樓(11層含以上有電梯),見其他登記事項,55.0,0.0,0.0,1.0,有,,8118,否,坡道平面1,10.83,,1,3,9
買賣,大安區,房地(土地+建物)+車位,5.37,土地:2建物:1車位:1,二層,大樓(11層含以上有電梯),住家用,57.17,,,,無,有,8068,是,塔式車位1,3.62,有,0,4,12
買賣,文山區,房地(土地+建物),17.1,土地:1建物:1車位:,四層,公寓(5樓含以下無電梯),住家用,35.98,3.0,2.0,2.0,有,無,1600,否,,0.0,無,1,2,4
買賣,士林區,房地(土地+建物),13.66,土地:1建物:1車位:,五層,公寓(5樓含以下無電梯),住家用,47.38,3.0,2.0,2.0,有,無,2500,否,,0.0,無,0,2,3
買賣,北投區,房地(土地+建物),9.38,土地:1建物:1車位:,三層,公寓(5樓含以下無電梯),住家用,33.62,3.0,2.0,2.0,有,無,2410,否,,0.0,無,1,2,2
買賣,文山區,房地(土地+建物),8.51,土地:1建物:1車位:,"一層,平台",公寓(5樓含以下無電梯),住家用,22.12,3.0,2.0,2.0,有,無,1840,否,,0.0,無,0,0,0
預售屋,文山區,房地(土地+建物)+車位,5.91,土地:2建物:1車位:1,三十三層,住宅大樓(11層含以上有電梯),住家用,43.9,3.0,2.0,2.0,有,,4663,否,坡道平面1,7.5,,0,2,3
預售屋,大安區,房地(土地+建物)+車位,5.46,土地:19建物:1車位:1,二十三層,住宅大樓(11層含以上有電梯),住家用,69.8,3.0,2.0,2.0,有,,12700,否,坡道平面1,10.83,,1,3,9
買賣,信義區,房地(土地+建物)+車位,11.4,土地:1建物:2車位:1,十層,大樓(11層含以上有電梯),住家用,58.0,3.0,0.0,2.0,有,有,5480,否,坡道平面1,11.36,有,1,2,4
買賣,大安區,房地(土地+建物),3.25,土地:2建物:1車位:,二層,公寓(5樓含以下無電梯),,5.66,3.0,1.0,2.0,有,無,460,否,,0.0,無,4,6,11
買賣,萬華區,房地(土地+建物),1.81,土地:1建物:1車位:,五層,大樓(11層含以上有電梯),見其他登記事項,18.3,1.0,1.0,1.0,有,有,1840,否,,0.0,有,0,3,8
預售屋,文山區,房地(土地+建物)+車位,7.0,土地:2建物:1車位:1,六層,住宅大樓(11層含以上有電梯),住家用,50.64,3.0,2.0,2.0,有,,4490,否,坡道平面1,7.5,,0,2,3
預售屋,北投區,房地(土地+建物)+車位,23.46,土地:1建物:1車位:5,十三層,辦公商業大樓,商業用,206.47,,,,無,,13078,否,坡道平面5,36.01,,0,0,0
預售屋,萬華區,房地(土地+建物)+車位,4.18,土地:34建物:1車位:1,三層,住宅大樓(11層含以上有電梯),見其他登記事項,43.56,2.0,2.0,2.0,有,,2683,否,坡道平面1,13.66,,0,1,1
買賣,信義區,房地(土地+建物),2.09,土地:6建物:1車位:,六層,大樓(11層含以上有電梯),商業用,28.02,0.0,1.0,0.0,有,有,2238,否,,0.0,有,1,3,5
買賣,大安區,房地(土地+建物)+車位,22.89,土地:2建物:1車位:1,"四層,陽臺",華廈(10層含以下有電梯),住家用,85.24,5.0,3.0,3.0,有,無,7600,是,坡道平面1,0.0,有,4,10,16
預售屋,萬華區,房地(土地+建物)+車位,4.23,土地:34建物:1車位:1,八層,住宅大樓(11層含以上有電梯),見其他登記事項,43.84,2.0,2.0,2.0,有,,2876,否,坡道平面1,13.66,,0,1,1
預售屋,中正區,房地(土地+建物),2.44,土地:8建物:1車位:,六層,住宅大樓(11層含以上有電梯),住家用,24.54,2.0,1.0,1.0,有,,3485,否,,0.0,,3,7,14
買賣,內湖區,房地(土地+建物),7.37,土地:1建物:1車位:,四層,公寓(5樓含以下無電梯),住家用,26.59,3.0,2.0,1.0,有,無,1450,否,,0.0,無,0,2,4
買賣,南港區,房地(土地+建物)+車位,7.28,土地:1建物:1車位:3,七層,大樓(11層含以上有電梯),住家用,54.04,3.0,2.0,2.0,有,有,4288,否,坡道機械3,15.0,有,3,6,8
買賣,信義區,房地(土地+建物),3.43,土地:1建物:1車位:,四層,公寓(5樓含以下無電梯),住家用,13.21,4.0,2.0,2.0,有,無,904,否,,0.0,無,1,2,4
買賣,中山區,房地(土地+建物),3.06,土地:2建物:1車位:,六層,大樓(11層含以上有電梯),商業用,23.03,3.0,2.0,3.0,有,有,2078,否,,0.0,有,4,8,16
買賣,中山區,房地(土地+建物),8.08,土地:6建物:1車位:,四層,大樓(11層含以上有電梯),,70.67,,,,無,有,4380,否,,0.0,有,3,10,15
買賣,士林區,房地(土地+建物),11.95,土地:1建物:1車位:,四層,公寓(5樓含以下無電梯),住家用,29.13,3.0,1.0,1.0,有,無,1800,否,,0.0,無,0,2,3
買賣,內湖區,房地(土地+建物)+車位,8.68,土地:1建物:1車位:1,三層,華廈(10層含以下有電梯),住家用,58.23,3.0,2.0,2.0,有,有,4380,否,坡道平面1,13.31,有,0,0,1
買賣,中山區,房地(土地+建物),1.1,土地:1建物:1車位:,十二層,大樓(11層含以上有電梯),住家用,12.25,,,,無,有,1108,否,,0.0,有,0,6,18
買賣,大安區,房地(土地+建物),0.42,土地:1建物:1車位:,八層,華廈(10層含以下有電梯),住家用,2.93,3.0,2.0,1.0,有,有,260,否,,0.0,有,0,6,12
買賣,內湖區,房地(土地+建物),6.62,土地:1建物:1車位:,二層,華廈(10層含以下有電梯),見其他登記事項,25.43,2.0,1.0,2.0,有,無,2070,否,,0.0,有,0,2,2
買賣,大同區,房地(土地+建物),2.11,土地:6建物:1車位:,十層,大樓(11層含以上有電梯),住家用,15.96,3.0,1.0,1.0,有,有,1533,否,,0.0,有,0,9,11
買賣,萬華區,房地(土地+建物),5.07,土地:2建物:1車位:,二層,公寓(5樓含以下無電梯),住家用,4.83,2.0,1.0,1.0,有,無,280,否,,0.0,無,0,0,0
買賣,萬華區,房地(土地+建物),34.79,土地:2建物:1車位:,"一層,二層,騎樓",透天厝,,51.13,3.0,2.0,1.0,有,無,3375,-,,0.0,無,1,1,4
預售屋,內湖區,房地(土地+建物)+車位,5.36,土地:6建物:1車位:1,六層,住宅大樓(11層含以上有電梯),住家用,50.81,3.0,2.0,2.0,有,,4640,否,坡道平面1,11.17,,0,2,2
買賣,萬華區,房地(土地+建物),5.58,土地:1建物:1車位:,七層,大樓(11層含以上有電梯),住家用,25.91,3.0,2.0,1.0,有,有,2050,否,,0.0,有,0,0,4
買賣,內湖區,房地(土地+建物)+車位,6.63,土地:1建物:1車位:1,四層,華廈(10層含以下有電梯),見其他登記事項,27.44,2.0,1.0,2.0,有,無,2600,否,其他1,2.0,有,0,2,2
預售屋,大安區,房地(土地+建物)+車位,6.6,土地:19建物:1車位:2,三十層,住宅大樓(11層含以上有電梯),住家用,91.48,4.0,2.0,2.0,有,,16388,否,坡道平面2,21.65,,1,3,9
買賣,中正區,車位,0.0,土地:0建物:1車位:1,地下層,,見其他登記事項,14.48,,,,無,有,300,-,坡道平面1,0.0,有,1,2,4
買賣,北投區,車位,0.05,土地:1建物:1車位:3,"地下一層,地下二層",,見其他登記事項,6.21,,,,無,有,450,-,坡道機械3,0.0,有,0,1,1
買賣,內湖區,房地(土地+建物),6.74,土地:1建物:1車位:,五層,公寓(5樓含以下無電梯),住家用,24.73,3.0,1.0,1.0,有,無,1435,否,,0.0,無,0,0,1
預售屋,北投區,房地(土地+建物)+車位,23.51,土地:1建物:1車位:5,十二層,辦公商業大樓,商業用,206.86,,,,無,,13055,否,坡道平面5,36.01,,0,0,0
買賣,松山區,房地(土地+建物)+車位,7.52,土地:1建物:1車位:1,九層,華廈(10層含以下有電梯),見其他登記事項,51.31,3.0,2.0,2.0,有,無,4443,否,升降平面1,13.3,有,2,4,12
買賣,萬華區,房地(土地+建物),7.26,土地:2建物:1車位:,四層,公寓(5樓含以下無電梯),工業用,26.31,5.0,0.0,5.0,有,無,1360,否,,0.0,無,0,0,1
買賣,大安區,房地(土地+建物),2.23,土地:2建物:1車位:,六層,華廈(10層含以下有電梯),住家用,10.57,1.0,2.0,1.0,有,有,1538,否,,0.0,有,2,7,8
買賣,松山區,房地(土地+建物),2.06,土地:1建物:1車位:,一層,華廈(10層含以下有電梯),商業用,11.12,0.0,1.0,1.0,有,無,1640,否,,0.0,有,1,3,11
買賣,中山區,車位,0.02,土地:1建物:1車位:1,"一層,地下一層,地下二層,地下三層",,見其他登記事項,6.55,,,,無,有,220,-,其他1,6.55,有,3,11,15
買賣,萬華區,房地(土地+建物),6.81,土地:2建物:1車位:,三層,公寓(5樓含以下無電梯),住家用,19.48,2.0,1.0,1.0,有,無,910,否,,0.0,無,0,0,1
買賣,士林區,房地(土地+建物),18.15,土地:2建物:1車位:,"一層,二層,騎樓",透天厝,住家用,26.2,7.0,3.0,3.0,有,無,1398,-,,0.0,無,1,2,3
預售屋,文山區,房地(土地+建物),3.76,土地:26建物:1車位:0,十五層,住宅大樓(11層含以上有電梯),見其他登記事項,23.5,2.0,2.0,1.0,有,,2256,否,,0.0,,0,0,2
預售屋,北投區,房地(土地+建物)+車位,27.35,土地:1建物:1車位:5,十二層,辦公商業大樓,商業用,234.73,,,,無,,14877,否,坡道平面5,36.01,,0,0,0
買賣,松山區,房地(土地+建物),1.81,土地:2建物:1車位:,十層,大樓(11層含以上有電梯),商業用,17.67,1.0,1.0,1.0,有,有,1530,否,,0.0,有,2,2,7
預售屋,內湖區,房地(土地+建物)+車位,5.36,土地:6建物:1車位:1,十一層,住宅大樓(11層含以上有電梯),住家用,50.81,3.0,2.0,2.0,有,,4828,否,坡道平面1,11.17,,0,2,2
買賣,士林區,房地(土地+建物),7.1,土地:1建物:1車位:,四層,華廈(10層含以下有電梯),住家用,37.93,3.0,2.0,2.0,有,無,3300,否,,0.0,有,0,1,2
預售屋,大安區,房地(土地+建物)+車位,3.57,土地:19建物:1車位:1,三十一層,住宅大樓(11層含以上有電梯),住家用,50.39,3.0,2.0,2.0,有,,8966,否,坡道平面1,10.83,,1,3,9
買賣,中正區,房地(土地+建物)+車位,12.13,土地:3建物:1車位:6,三層,大樓(11層含以上有電梯),住家用,120.06,4.0,2.0,2.0,有,有,16880,是,坡道機械6,34.54,有,1,6,9
買賣,北投區,房地(土地+建物)+車位,7.73,土地:1建物:1車位:2,十一層,大樓(11層含以上有電梯),住家用,58.13,2.0,1.0,2.0,有,有,3147,否,坡道平面2,22.29,有,1,1,2
買賣,大同區,房地(土地+建物),1.69,土地:1建物:1車位:,二層,華廈(10層含以下有電梯),商業用,13.03,2.0,0.0,1.0,有,無,1098,否,,0.0,有,0,9,12
買賣,大安區,房地(土地+建物)+車位,5.36,土地:2建物:1車位:1,四層,大樓(11層含以上有電梯),住家用,57.48,,,,無,有,8115,是,塔式車位1,3.62,有,0,4,12
預售屋,內湖區,房地(土地+建物)+車位,3.64,土地:6建物:1車位:1,九層,住宅大樓(11層含以上有電梯),住家用,38.09,2.0,2.0,1.0,有,,3292,否,坡道平面1,11.17,,0,2,2
買賣,中山區,房地(土地+建物),8.32,土地:1建物:1車位:,三層,公寓(5樓含以下無電梯),住家用,40.34,3.0,2.0,2.0,有,無,2000,否,,0.0,無,0,2,4
買賣,內湖區,房地(土地+建物),10.32,土地:1建物:1車位:,二層,公寓(5樓含以下無電梯),住家用,36.41,3.0,2.0,2.0,有,無,800,否,,0.0,無,0,2,3
買賣,士林區,房地(土地+建物),3.65,土地:1建物:1車位:,六層,華廈(10層含以下有電梯),住家用,13.48,,,,無,有,1105,否,,0.0,有,0,1,2
買賣,萬華區,建物,0.0,土地:0建物:1車位:,九層,大樓(11層含以上有電梯),住家用,8.57,1.0,1.0,1.0,有,有,410,-,,0.0,有,2,3,8
買賣,中正區,房地(土地+建物),2.28,土地:2建物:2車位:,三層,大樓(11層含以上有電梯),商業用,17.09,3.0,1.0,1.0,有,有,2025,否,,0.0,有,2,5,9
買賣,北投區,房地(土地+建物)+車位,3.14,土地:1建物:1車位:1,七層,華廈(10層含以下有電梯),住家用,17.71,0.0,1.0,1.0,有,有,1360,否,塔式車位1,5.26,有,0,0,1
買賣,中山區,房地(土地+建物),9.26,土地:2建物:1車位:,三層,公寓(5樓含以下無電梯),住家用,31.8,3.0,2.0,2.0,有,無,2605,否,,0.0,無,1,5,9
買賣,大安區,房地(土地+建物),4.86,土地:1建物:1車位:,八層,大樓(11層含以上有電梯),住家用,24.99,2.0,1.0,1.0,有,有,2300,否,,0.0,有,1,6,8
買賣,大同區,房地(土地+建物)+車位,7.6,土地:1建物:1車位:1,五層,大樓(11層含以上有電梯),商業用,61.97,4.0,2.0,2.0,有,有,3950,是,塔式車位1,0.0,有,0,4,11
預售屋,內湖區,房地(土地+建物)+車位,3.64,土地:6建物:1車位:1,六層,住宅大樓(11層含以上有電梯),住家用,38.09,2.0,2.0,1.0,有,,3205,否,坡道平面1,11.17,,0,2,2
買賣,中正區,房地(土地+建物),2.94,土地:1建物:2車位:,五層,大樓(11層含以上有電梯),商業用,28.31,3.0,2.0,1.0,有,有,2080,否,,0.0,有,2,9,13
買賣,文山區,房地(土地+建物)+車位,22.47,土地:6建物:1車位:1,十七層,大樓(11層含以上有電梯),住家用,44.98,3.0,2.0,2.0,有,有,2700,是,坡道機械1,0.0,有,0,1,2
買賣,大安區,房地(土地+建物),2.63,土地:1建物:1車位:,十二層,大樓(11層含以上有電梯),住家用,23.12,2.0,3.0,2.0,有,有,2920,否,,0.0,有,4,7,15
買賣,內湖區,房地(土地+建物),13.74,土地:2建物:1車位:,四層,公寓(5樓含以下無電梯),住家用,37.19,3.0,2.0,2.0,有,無,2100,否,,0.0,無,0,3,3
買賣,大安區,房地(土地+建物)+車位,4.5,土地:2建物:1車位:1,四層,大樓(11層含以上有電梯),住家用,51.4,0.0,0.0,2.0,有,有,7226,是,塔式車位1,3.62,有,0,4,12
預售屋,北投區,房地(土地+建物)+車位,28.13,土地:1建物:1車位:5,十三層,辦公商業大樓,商業用,240.4,,,,無,,15332,否,坡道平面5,36.01,,0,0,0
買賣,中正區,房地(土地+建物)+車位,14.8,土地:2建物:1車位:2,十六層,大樓(11層含以上有電梯),見其他登記事項,94.91,3.0,2.0,2.0,有,有,11498,否,坡道平面2,23.7,有,0,5,9
買賣,士林區,房地(土地+建物)+車位,13.16,土地:1建物:1車位:3,六層,大樓(11層含以上有電梯),見其他登記事項,101.85,,,,無,有,9938,否,坡道平面3,31.86,有,0,0,2
買賣,萬華區,房地(土地+建物),14.67,土地:1建物:1車位:,"三層,四層",公寓(5樓含以下無電梯),,48.44,7.0,4.0,2.0,有,無,4300,否,,0.0,無,1,1,4
預售屋,信義區,房地(土地+建物),1.6,土地:2建物:1車位:,八層,住宅大樓(11層含以上有電梯),住家用,18.9,2.0,1.0,1.0,有,,2548,否,,0.0,,1,3,7
買賣,信義區,房地(土地+建物),2.02,土地:2建物:1車位:,"一層,二層,陽臺,平台,騎樓",透天厝,商業用,2.67,,,,無,無,300,-,,0.0,無,1,2,7
買賣,信義區,房地(土地+建物),8.85,土地:1建物:1車位:,"三層,陽臺",公寓(5樓含以下無電梯),住家用,25.55,3.0,2.0,1.0,有,無,2108,否,,0.0,無,1,2,7
買賣,中山區,房地(土地+建物),0.12,土地:1建物:1車位:,五層,華廈(10層含以下有電梯),住家用,0.97,,,,無,有,58,否,,0.0,有,1,5,8
預售屋,信義區,房地(土地+建物),1.6,土地:2建物:1車位:,六層,住宅大樓(11層含以上有電梯),住家用,18.9,2.0,1.0,1.0,有,,2436,否,,0.0,,1,3,7
買賣,內湖區,房地(土地+建物),7.64,土地:1建物:1車位:,"三層,陽台",公寓(5樓含以下無電梯),住家用,26.48,3.0,2.0,1.0,有,無,1115,否,,0.0,無,1,1,3
預售屋,中正區,房地(土地+建物),2.1,土地:8建物:1車位:,十一層,住宅大樓(11層含以上有電梯),住家用,21.05,2.0,1.0,1.0,有,,3176,否,,0.0,,3,7,14
預售屋,大安區,房地(土地+建物)+車位,3.99,土地:19建物:1車位:1,七層,住宅大樓(11層含以上有電梯),見其他登記事項,55.0,0.0,0.0,1.0,有,,8132,否,坡道平面1,10.83,,1,3,9
預售屋,中正區,房地(土地+建物),2.44,土地:8建物:1車位:,五層,住宅大樓(11層含以上有電梯),住家用,24.54,2.0,1.0,1.0,有,,3472,否,,0.0,,3,7,14
預售屋,大安區,房地(土地+建物)+車位,5.46,土地:19建物:1車位:1,三十層,住宅大樓(11層含以上有電梯),住家用,69.26,3.0,2.0,2.0,有,,13168,否,坡道平面1,10.83,,1,3,9
預售屋,信義區,房地(土地+建物),1.52,土地:2建物:1車位:,二層,住宅大樓(11層含以上有電梯),住家用,18.01,2.0,1.0,1.0,有,,1980,否,,0.0,,1,3,7
買賣,北投區,房地(土地+建物)+車位,8.29,土地:1建物:1車位:1,四層,大樓(11層含以上有電梯),見其他登記事項,53.37,3.0,2.0,2.0,有,有,5300,否,坡道平面1,11.28,有,0,1,3
預售屋,中正區,房地(土地+建物),2.1,土地:8建物:1車位:,六層,住宅大樓(11層含以上有電梯),住家用,21.05,2.0,1.0,1.0,有,,3115,否,,0.0,,3,7,14
買賣,信義區,房地(土地+建物),3.1,土地:1建物:1車位:,三層,公寓(5樓含以下無電梯),住家用,9.34,2.0,1.0,1.0,有,無,650,否,,0.0,無,1,1,1
買賣,中正區,房地(土地+建物),5.28,土地:1建物:1車位:,六層,華廈(10層含以下有電梯),住家用,31.67,3.0,2.0,2.0,有,無,2225,否,,0.0,有,0,5,6
預售屋,內湖區,房地(土地+建物)+車位,3.64,土地:6建物:1車位:1,十五層,住宅大樓(11層含以上有電梯),住家用,38.09,2.0,2.0,1.0,有,,3472,否,坡道平面1,11.17,,0,2,2
預售屋,中正區,房地(土地+建物)+車位,2.69,土地:1建物:1車位:1,十層,住宅大樓(11層含以上有電梯),住家用,38.45,3.0,2.0,2.0,有,,4747,否,塔式車位1,4.29,,1,6,11
預售屋,中正區,房地(土地+建物),2.53,土地:8建物:1車位:,十一層,住宅大樓(11層含以上有電梯),住家用,25.41,2.0,1.0,2.0,有,,3777,否,,0.0,,3,7,14
預售屋,文山區,房地(土地+建物)+車位,5.37,土地:2建物:1車位:1,三十二層,住宅大樓(11層含以上有電梯),住家用,40.59,3.0,2.0,2.0,有,,4261,否,坡道平面1,7.5,,0,2,3
買賣,松山區,房地(土地+建物),12.78,土地:1建物:1車位:,"三層,陽臺",公寓(5樓含以下無電梯),住家用,34.68,3.0,2.0,2.0,有,無,1200,否,,0.0,無,0,0,1
買賣,內湖區,房地(土地+建物)+車位,5.88,土地:1建物:1車位:1,七層,華廈(10層含以下有電梯),見其他登記事項,24.55,2.0,1.0,1.0,有,無,2272,否,其他1,2.0,有,0,2,2
預售屋,大安區,房地(土地+建物),2.57,土地:19建物:1車位:,十五層,住宅大樓(11層含以上有電梯),住家用,29.69,2.0,2.0,1.0,有,,5530,否,,0.0,,1,3,9
預售屋,內湖區,房地(土地+建物)+車位,3.66,土地:6建物:1車位:1,六層,住宅大樓(11層含以上有電梯),住家用,38.24,2.0,2.0,1.0,有,,3299,否,坡道平面1,11.17,,0,2,2
買賣,北投區,房地(土地+建物),7.44,土地:2建物:1車位:,四層,公寓(5樓含以下無電梯),住家用,34.4,3.0,2.0,2.0,有,無,2080,否,,0.0,無,0,2,2
預售屋,內湖區,房地(土地+建物)+車位,5.36,土地:6建物:1車位:1,五層,住宅大樓(11層含以上有電梯),住家用,50.81,3.0,2.0,2.0,有,,4546,否,坡道平面1,11.17,,0,2,2
預售屋,北投區,房地(土地+建物)+車位,10.09,土地:1建物:1車位:2,九層,住宅大樓(11層含以上有電梯),住家用,72.32,4.0,2.0,2.0,有,,8486,否,坡道平面2,15.74,,0,0,0
預售屋,萬華區,房地(土地+建物)+車位,5.26,土地:34建物:1車位:1,十三層,住宅大樓(11層含以上有電梯),見其他登記事項,51.51,3.0,2.0,2.0,有,,3690,否,坡道平面1,13.66,,0,1,1
買賣,中正區,房地(土地+建物)+車位,7.11,土地:2建物:2車位:1,十三層,大樓(11層含以上有電梯),住家用,46.38,2.0,2.0,2.0,有,有,4485,否,塔式車位1,6.52,有,0,8,17
預售屋,中正區,房地(土地+建物)+車位,2.61,土地:1建物:1車位:1,十層,住宅大樓(11層含以上有電梯),住家用,37.46,3.0,2.0,2.0,有,,4615,否,塔式車位1,4.29,,1,6,11
預售屋,萬華區,房地(土地+建物)+車位,5.26,土地:34建物:1車位:1,七層,住宅大樓(11層含以上有電梯),見其他登記事項,51.51,3.0,2.0,2.0,有,,3507,否,坡道平面1,13.66,,0,1,1
買賣,北投區,房地(土地+建物),2.24,土地:1建物:1車位:,五層,華廈(10層含以下有電梯),住家用,12.24,1.0,1.0,1.0,有,有,880,否,,0.0,有,0,0,0
買賣,內湖區,房地(土地+建物)+車位,2.76,土地:1建物:1車位:1,"一層,地下一層,地下二層,地下三層",大樓(11層含以上有電梯),商業用,28.15,2.0,1.0,1.0,有,有,1588,是,坡道平面1,13.89,有,0,2,3
預售屋,內湖區,房地(土地+建物)+車位,3.66,土地:6建物:1車位:1,十二層,住宅大樓(11層含以上有電梯),住家用,38.24,2.0,2.0,1.0,有,,3492,否,坡道平面1,11.17,,0,2,2
預售屋,萬華區,房地(土地+建物)+車位,3.51,土地:34建物:1車位:1,十一層,住宅大樓(11層含以上有電梯),見其他登記事項,38.59,2.0,2.0,2.0,有,,2500,否,坡道平面1,13.66,,0,1,1
買賣,內湖區,房地(土地+建物),4.99,土地:2建物:1車位:,"一層,地下一層",華廈(10層含以下有電梯),商業用,21.72,1.0,1.0,1.0,有,有,1970,否,,0.0,有,0,1,4
買賣,大安區,房地(土地+建物)+車位,5.24,土地:2建物:1車位:1,二層,大樓(11層含以上有電梯),住家用,44.18,2.0,1.0,1.0,有,有,5150,否,坡道平面1,9.37,有,4,7,17
買賣,信義區,房地(土地+建物)+車位,3.8,土地:1建物:1車位:1,十層,大樓(11層含以上有電梯),住家用,35.34,2.0,2.0,1.0,有,有,4610,是,坡道機械1,0.0,有,1,3,5
買賣,北投區,房地(土地+建物)+車位,14.77,土地:1建物:1車位:1,六層,華廈(10層含以下有電梯),住家用,38.34,2.0,2.0,2.0,有,有,2630,是,坡道機械1,7.86,有,0,0,0
預售屋,中正區,房地(土地+建物)+車位,3.48,土地:8建物:1車位:1,十層,住宅大樓(11層含以上有電梯),住家用,38.28,3.0,2.0,2.0,有,,5345,否,塔式車位1,3.28,,3,7,14
預售屋,文山區,房地(土地+建物)+車位,9.34,土地:2建物:1車位:2,二十一層,住宅大樓(11層含以上有電梯),住家用,72.56,3.0,2.0,3.0,有,,6807,否,坡道平面2,15.0,,0,2,3
買賣,萬華區,房地(土地+建物),4.49,土地:1建物:1車位:,八層,大樓(11層含以上有電梯),住家用,33.3,3.0,2.0,2.0,有,有,2150,否,,0.0,有,0,0,6
買賣,內湖區,房地(土地+建物),2.67,土地:1建物:1車位:,四層,大樓(11層含以上有電梯),商業用,14.25,2.0,1.0,1.0,有,有,1290,否,,0.0,有,0,1,3
買賣,北投區,車位,0.02,土地:1建物:1車位:1,"地下一層,地下二層",,見其他登記事項,2.07,,,,無,有,150,-,坡道機械1,0.0,有,0,1,1
買賣,松山區,房地(土地+建物),1.17,土地:1建物:1車位:,四層,大樓(11層含以上有電梯),見其他登記事項,10.84,1.0,1.0,1.0,有,有,1500,否,,0.0,有,1,2,4
買賣,信義區,房地(土地+建物),9.28,土地:1建物:1車位:,"三層,陽臺",公寓(5樓含以下無電梯),住家用,27.05,3.0,2.0,1.0,有,無,2175,否,,0.0,無,1,3,5
預售屋,松山區,房地(土地+建物)+車位,7.11,土地:16建物:1車位:3,十五層,住宅大樓(11層含以上有電梯),住家用,76.8,,,,無,,9500,否,坡道平面3,30.01,,3,8,15
預售屋,北投區,房地(土地+建物)+車位,10.08,土地:1建物:1車位:1,十九層,住宅大樓(11層含以上有電梯),住家用,64.41,4.0,2.0,2.0,有,,8220,否,坡道平面1,7.87,,0,0,0
買賣,內湖區,房地(土地+建物)+車位,7.62,土地:1建物:1車位:1,二層,華廈(10層含以下有電梯),見其他登記事項,31.23,2.0,1.0,2.0,有,無,2700,否,其他1,2.0,有,0,2,2
買賣,文山區,房地(土地+建物)+車位,21.55,土地:1建物:1車位:1,八層,華廈(10層含以下有電梯),見其他登記事項,41.75,3.0,2.0,2.0,有,有,1930,是,坡道平面1,0.0,有,0,0,1
買賣,信義區,房地(土地+建物),3.38,土地:1建物:1車位:,二層,華廈(10層含以下有電梯),住家用,11.15,1.0,1.0,1.0,有,有,790,否,,0.0,有,0,0,2
預售屋,萬華區,房地(土地+建物)+車位,5.26,土地:34建物:1車位:1,四層,住宅大樓(11層含以上有電梯),見其他登記事項,51.51,3.0,2.0,2.0,有,,3390,否,坡道平面1,13.66,,0,1,1
預售屋,萬華區,房地(土地+建物),1.44,土地:1建物:1車位:,六層,住宅大樓(11層含以上有電梯),住家用,18.32,2.0,1.0,1.0,有,,2337,否,,0.0,,2,7,10
預售屋,大安區,房地(土地+建物)+車位,3.79,土地:1建物:1車位:1,五層,住宅大樓(11層含以上有電梯),住家用,35.62,2.0,2.0,2.0,有,,4750,否,升降平面1,8.95,,3,8,18
買賣,大安區,房地(土地+建物),10.23,土地:3建物:1車位:,"一層,見使用執照",公寓(5樓含以下無電梯),,28.15,4.0,2.0,4.0,有,無,2900,否,,0.0,無,1,3,13
預售屋,大安區,房地(土地+建物)+車位,6.46,土地:19建物:1車位:1,十一層,住宅大樓(11層含以上有電梯),住家用,80.66,4.0,2.0,2.0,有,,14000,否,坡道平面1,10.83,,1,3,9
買賣,中山區,房地(土地+建物),9.53,土地:1建物:1車位:,四層,公寓(5樓含以下無電梯),,27.75,,,,無,無,1690,否,,0.0,無,0,9,13
買賣,內湖區,房地(土地+建物)+車位,12.67,土地:2建物:1車位:2,十一層,大樓(11層含以上有電梯),商業用,84.7,4.0,2.0,2.0,有,有,4600,否,坡道平面2,20.89,有,0,0,0
買賣,中山區,房地(土地+建物),2.61,土地:2建物:1車位:,三層,大樓(11層含以上有電梯),住家用,14.03,,,,無,有,1580,否,,0.0,有,3,9,11
買賣,大安區,房地(土地+建物),12.04,土地:1建物:1車位:,"三層,陽臺",公寓(5樓含以下無電梯),,41.61,3.0,2.0,3.0,有,無,4498,否,,0.0,無,4,10,16
買賣,內湖區,房地(土地+建物),8.23,土地:1建物:1車位:,三層,公寓(5樓含以下無電梯),住家用,28.4,3.0,2.0,2.0,有,有,1850,否,,0.0,無,1,2,3
買賣,中正區,房地(土地+建物)+車位,6.9,土地:2建物:1車位:2,九層,大樓(11層含以上有電梯),見其他登記事項,83.31,,,,無,有,10412,否,"坡道機械1,坡道平面1",26.44,有,2,7,20
買賣,信義區,房地(土地+建物)+車位,10.57,土地:1建物:1車位:2,四層,大樓(11層含以上有電梯),住家用,87.96,2.0,2.0,2.0,有,有,6800,是,升降平面2,10.29,有,1,2,6
預售屋,大安區,房地(土地+建物),2.41,土地:19建物:1車位:,一層,店面(店鋪),見其他登記事項,21.62,0.0,0.0,1.0,有,,4108,否,,0.0,,1,3,9
預售屋,大安區,房地(土地+建物),3.19,土地:19建物:1車位:,十層,住宅大樓(11層含以上有電梯),見其他登記事項,36.77,0.0,0.0,1.0,有,,6435,否,,0.0,,1,3,9
買賣,大安區,房地(土地+建物)+車位,5.38,土地:2建物:1車位:2,九層,大樓(11層含以上有電梯),住家用,61.06,,,,無,有,9380,是,塔式車位2,7.24,有,0,4,12
買賣,內湖區,房地(土地+建物),8.5,土地:2建物:1車位:,五層,華廈(10層含以下有電梯),見其他登記事項,16.48,1.0,1.0,1.0,有,有,1750,否,,0.0,有,0,1,4
買賣,信義區,房地(土地+建物),8.43,土地:2建物:1車位:,二層,公寓(5樓含以下無電梯),住家用,32.67,3.0,2.0,2.0,有,有,2268,否,,0.0,無,0,0,3
預售屋,內湖區,房地(土地+建物),3.64,土地:6建物:1車位:,五層,住宅大樓(11層含以上有電梯),住家用,26.92,2.0,2.0,1.0,有,,2886,否,,0.0,,0,2,2
買賣,內湖區,房地(土地+建物),13.22,土地:1建物:1車位:,五層,公寓(5樓含以下無電梯),住家用,37.49,4.0,2.0,3.0,有,無,1500,否,,0.0,無,1,2,3
買賣,文山區,房地(土地+建物)+車位,13.78,土地:2建物:1車位:2,十三層,大樓(11層含以上有電梯),住家用,91.46,3.0,2.0,2.0,有,有,5688,否,坡道平面2,24.82,有,0,2,2
買賣,北投區,建物,0.0,土地:0建物:1車位:1,七層,華廈(10層含以下有電梯),住家用,28.2,1.0,2.0,1.0,有,有,745,-,升降機械1,4.4,有,0,1,3
預售屋,中正區,房地(土地+建物),1.67,土地:8建物:1車位:,六層,住宅大樓(11層含以上有電梯),住家用,16.8,1.0,1.0,1.0,有,,2419,否,,0.0,,3,7,14
買賣,內湖區,房地(土地+建物)+車位,15.61,土地:1建物:1車位:1,六層,大樓(11層含以上有電梯),住家用,69.03,3.0,2.0,2.0,有,有,5800,否,坡道平面1,10.99,有,0,2,3
買賣,中山區,房地(土地+建物),0.99,土地:6建物:1車位:,十二層,大樓(11層含以上有電梯),住家用,9.83,1.0,1.0,1.0,有,有,770,否,,0.0,有,0,8,16
買賣,士林區,房地(土地+建物),4.27,土地:1建物:1車位:,三層,華廈(10層含以下有電梯),住家用,31.89,2.0,2.0,1.0,有,有,2300,否,,0.0,有,1,1,3
買賣,大安區,房地(土地+建物),6.53,土地:1建物:1車位:,五層,華廈(10層含以下有電梯),住家用,29.93,3.0,2.0,2.0,有,無,980,否,,0.0,有,1,6,8
買賣,大安區,房地(土地+建物),13.76,土地:2建物:1車位:,一層,透天厝,,25.66,3.0,2.0,2.0,有,無,2000,-,,0.0,無,4,8,18
預售屋,中正區,房地(土地+建物),2.1,土地:8建物:1車位:,四層,住宅大樓(11層含以上有電梯),住家用,21.05,2.0,1.0,1.0,有,,3038,否,,0.0,,3,7,14
買賣,北投區,房地(土地+建物)+車位,15.52,土地:3建物:1車位:1,二層,華廈(10層含以下有電梯),住家用,30.28,2.0,2.0,1.0,有,有,2100,否,坡道機械1,2.96,有,0,1,2
買賣,大安區,房地(土地+建物)+車位,5.37,土地:2建物:1車位:1,八層,大樓(11層含以上有電梯),住家用,57.32,2.0,1.0,1.0,有,有,9760,是,塔式車位1,3.62,有,0,4,12
預售屋,信義區,房地(土地+建物)+車位,2.84,土地:10建物:1車位:1,二十二層,住宅大樓(11層含以上有電梯),住家用,47.83,3.0,2.0,2.0,有,,5949,否,坡道平面1,8.45,,1,3,6
預售屋,大安區,房地(土地+建物)+車位,4.24,土地:1建物:1車位:1,二層,住宅大樓(11層含以上有電梯),住家用,38.49,2.0,2.0,2.0,有,,5215,否,升降平面1,8.62,,3,8,18
買賣,大安區,房地(土地+建物)+車位,5.46,土地:2建物:1車位:1,八層,大樓(11層含以上有電梯),住家用,61.75,3.0,2.0,2.0,有,有,6968,否,塔式車位1,5.43,有,2,5,8
預售屋,中正區,房地(土地+建物),1.67,土地:8建物:1車位:,五層,住宅大樓(11層含以上有電梯),住家用,16.8,1.0,1.0,1.0,有,,2486,否,,0.0,,3,7,14
預售屋,中正區,房地(土地+建物)+車位,2.61,土地:1建物:1車位:1,十三層,住宅大樓(11層含以上有電梯),住家用,37.46,3.0,2.0,2.0,有,,4715,否,塔式車位1,4.29,,1,6,11
買賣,內湖區,房地(土地+建物),7.31,土地:1建物:1車位:,四層,公寓(5樓含以下無電梯),住家用,25.16,3.0,2.0,2.0,有,無,1512,否,,0.0,無,1,2,3
買賣,大安區,房地(土地+建物),3.81,土地:1建物:1車位:,八層,大樓(11層含以上有電梯),住家用,39.7,2.0,3.0,1.0,有,有,3170,否,,0.0,有,2,5,8
預售屋,內湖區,房地(土地+建物)+車位,5.36,土地:6建物:1車位:1,十五層,住宅大樓(11層含以上有電梯),住家用,50.81,3.0,2.0,2.0,有,,4965,否,坡道平面1,11.17,,0,2,2
預售屋,內湖區,房地(土地+建物)+車位,4.38,土地:6建物:1車位:1,八層,住宅大樓(11層含以上有電梯),住家用,43.58,3.0,2.0,2.0,有,,3911,否,坡道平面1,11.17,,0,2,2
買賣,士林區,房地(土地+建物)+車位,7.15,土地:1建物:1車位:1,九層,大樓(11層含以上有電梯),見其他登記事項,46.9,3.0,2.0,2.0,有,有,4335,否,其他1,3.97,有,0,0,0
買賣,中正區,房地(土地+建物)+車位,2.53,土地:1建物:1車位:1,十二層,大樓(11層含以上有電梯),見其他登記事項,40.01,2.0,1.0,1.0,有,有,4230,否,坡道平面1,11.42,有,3,9,14
買賣,中正區,房地(土地+建物)+車位,12.56,土地:2建物:1車位:1,八層,大樓(11層含以上有電梯),見其他登記事項,72.81,3.0,2.0,2.0,有,有,8408,否,坡道平面1,11.85,有,0,5,9
買賣,松山區,房地(土地+建物)+車位,4.12,土地:1建物:1車位:2,"一層,地下一層,地下二層",華廈(10層含以下有電梯),見其他登記事項,47.42,2.0,1.0,1.0,有,無,2738,否,升降平面2,26.61,有,2,4,12
預售屋,中山區,房地(土地+建物)+車位,6.24,土地:3建物:1車位:2,七層,住宅大樓(11層含以上有電梯),住家用,62.08,3.0,2.0,2.0,有,,6898,否,坡道平面2,18.45,,1,5,15
買賣,萬華區,房地(土地+建物),5.86,土地:1建物:1車位:,十層,華廈(10層含以下有電梯),住家用,30.55,3.0,2.0,2.0,有,有,600,否,,0.0,有,0,0,4
預售屋,內湖區,房地(土地+建物)+車位,4.91,土地:6建物:1車位:1,八層,住宅大樓(11層含以上有電梯),住家用,47.53,3.0,2.0,2.0,有,,4280,否,坡道平面1,11.17,,0,2,2
預售屋,大安區,房地(土地+建物),1.94,土地:1建物:1車位:,三層,住宅大樓(11層含以上有電梯),住家用,11.4,1.0,0.0,1.0,有,,1545,否,,0.0,,3,5,16
買賣,士林區,房地(土地+建物),10.81,土地:3建物:1車位:,二層,公寓(5樓含以下無電梯),住家用,24.12,3.0,1.0,1.0,有,無,1450,否,,0.0,無,0,0,1
買賣,萬華區,房地(土地+建物),14.67,土地:1建物:1車位:,"一層,二層,騎樓",公寓(5樓含以下無電梯),,48.44,0.0,2.0,2.0,有,無,5060,否,,0.0,無,1,1,4
預售屋,士林區,房地(土地+建物)+車位,6.62,土地:22建物:1車位:1,二層,住宅大樓(11層含以上有電梯),住家用,64.25,,,,無,,6995,否,坡道平面1,11.01,,1,2,3
買賣,士林區,房地(土地+建物),6.75,土地:1建物:2車位:,"一層,二層,三層,四層,屋頂突出物",華廈(10層含以下有電梯),住家用,55.22,4.0,1.0,4.0,有,有,3600,否,,0.0,有,0,0,2
買賣,文山區,房地(土地+建物),12.13,土地:2建物:1車位:,六層,大樓(11層含以上有電梯),住家用,22.18,1.0,2.0,1.0,有,有,1330,否,,0.0,有,0,2,3
買賣,大安區,房地(土地+建物)+車位,14.38,土地:1建物:1車位:1,"一層,二層",華廈(10層含以下有電梯),商業用,67.87,0.0,2.0,1.0,有,有,10500,是,升降平面1,0.0,有,0,6,16
買賣,大同區,房地(土地+建物)+車位,3.89,土地:1建物:1車位:1,十四層,大樓(11層含以上有電梯),見其他登記事項,49.1,3.0,2.0,2.0,有,有,3602,否,坡道平面1,12.82,有,0,5,13
預售屋,大安區,房地(土地+建物)+車位,2.54,土地:2建物:1車位:1,十三層,住宅大樓(11層含以上有電梯),住家用,30.08,,,,無,,3885,否,其他1,6.88,,1,2,8
買賣,大同區,房地(土地+建物),1.03,土地:2建物:1車位:,十二層,大樓(11層含以上有電梯),見其他登記事項,11.9,1.0,0.0,1.0,有,有,1528,否,,0.0,有,3,5,10
預售屋,北投區,房地(土地+建物)+車位,24.43,土地:1建物:1車位:5,十二層,辦公商業大樓,商業用,213.49,,,,無,,13463,否,坡道平面5,36.01,,0,0,0
買賣,萬華區,房地(土地+建物),7.26,土地:1建物:1車位:,三層,公寓(5樓含以下無電梯),住家用,18.82,2.0,1.0,1.0,有,無,950,否,,0.0,無,1,1,4
買賣,士林區,房地(土地+建物),6.22,土地:1建物:1車位:,七層,華廈(10層含以下有電梯),住家用,32.85,5.0,3.0,3.0,有,有,2080,否,,0.0,有,0,0,0
買賣,內湖區,房地(土地+建物)+車位,12.3,土地:1建物:1車位:2,八層,大樓(11層含以上有電梯),住家用,80.51,2.0,2.0,2.0,有,有,4600,否,坡道平面2,9.08,有,0,1,2
預售屋,大安區,房地(土地+建物)+車位,2.82,土地:8建物:1車位:1,二十三層,住宅大樓(11層含以上有電梯),住家用,44.82,2.0,2.0,2.0,有,,7036,否,坡道平面1,11.94,,4,11,17
買賣,南港區,車位,0.66,土地:1建物:1車位:1,"一層,地下一層,地下二層,地下三層",,見其他登記事項,12.26,,,,無,有,150,-,坡道平面1,12.26,有,2,3,6
買賣,士林區,房地(土地+建物),5.48,土地:1建物:1車位:,二層,公寓(5樓含以下無電梯),住家用,23.22,2.0,1.0,1.0,有,無,1123,否,,0.0,無,1,2,3
預售屋,信義區,房地(土地+建物),2.48,土地:15建物:1車位:,五層,住宅大樓(11層含以上有電梯),住家用,23.11,2.0,2.0,1.0,有,,3391,否,,0.0,,0,2,5
買賣,萬華區,房地(土地+建物),0.7,土地:11建物:1車位:,十層,大樓(11層含以上有電梯),見使用執照,5.9,0.0,1.0,1.0,有,有,475,否,,0.0,有,2,5,10
預售屋,大安區,房地(土地+建物)+車位,3.74,土地:2建物:1車位:1,十五層,住宅大樓(11層含以上有電梯),住家用,41.14,,,,無,,5580,否,其他1,6.88,,1,2,8
買賣,大安區,房地(土地+建物)+車位,4.53,土地:2建物:1車位:1,二層,大樓(11層含以上有電梯),住家用,51.26,,,,無,有,7205,是,塔式車位1,3.62,有,0,4,12
買賣,北投區,房地(土地+建物),2.56,土地:1建物:1車位:,九層,華廈(10層含以下有電梯),住家用,15.75,1.0,1.0,1.0,有,有,888,否,,0.0,有,1,1,2
買賣,北投區,房地(土地+建物),2.71,土地:1建物:1車位:,十三層,大樓(11層含以上有電梯),見其他登記事項,23.84,2.0,2.0,1.0,有,有,2268,否,,0.0,有,1,1,2
買賣,內湖區,房地(土地+建物),9.3,土地:1建物:1車位:,四層,公寓(5樓含以下無電梯),住家用,25.77,3.0,1.0,1.0,有,無,1000,否,,0.0,無,0,1,3
買賣,內湖區,房地(土地+建物),7.58,土地:1建物:1車位:,二層,公寓(5樓含以下無電梯),住家用,26.14,3.0,1.0,2.0,有,無,1322,否,,0.0,無,0,0,1
預售屋,萬華區,房地(土地+建物)+車位,3.51,土地:34建物:1車位:1,三層,住宅大樓(11層含以上有電梯),見其他登記事項,38.59,2.0,2.0,2.0,有,,2243,否,坡道平面1,13.66,,0,1,1
買賣,士林區,房地(土地+建物)+車位,7.11,土地:1建物:1車位:1,十層,大樓(11層含以上有電梯),見其他登記事項,46.67,3.0,2.0,2.0,有,有,4380,否,其他1,3.97,有,0,0,0
買賣,信義區,房地(土地+建物)+車位,4.27,土地:1建物:1車位:1,八層,大樓(11層含以上有電梯),住家用,31.25,2.0,1.0,1.0,有,有,2910,否,坡道機械1,4.94,有,1,2,4
買賣,信義區,房地(土地+建物),6.43,土地:1建物:1車位:,三層,公寓(5樓含以下無電梯),住家用,17.1,2.0,1.0,1.0,有,無,1280,否,,0.0,無,1,1,5
買賣,萬華區,房地(土地+建物)+車位,16.39,土地:2建物:1車位:2,五層,華廈(10層含以下有電梯),住家用,58.87,3.0,2.0,2.0,有,有,3500,是,一樓平面2,0.0,有,0,2,6
預售屋,大安區,房地(土地+建物)+車位,6.6,土地:19建物:1車位:2,二十八層,住宅大樓(11層含以上有電梯),住家用,91.0,4.0,2.0,2.0,有,,15638,否,坡道平面2,21.65,,1,3,9
買賣,大安區,房地(土地+建物),5.95,土地:1建物:1車位:,二層,華廈(10層含以下有電梯),住家用,31.24,3.0,2.0,1.0,有,有,2688,否,,0.0,有,1,2,14
預售屋,文山區,房地(土地+建物)+車位,9.42,土地:2建物:1車位:1,十六層,住宅大樓(11層含以上有電梯),住家用,65.52,3.0,2.0,3.0,有,,6227,否,坡道平面1,7.5,,0,2,3
買賣,內湖區,房地(土地+建物)+車位,16.28,土地:3建物:1車位:1,"十三層,十四層",大樓(11層含以上有電梯),住家用,64.73,,,,無,有,5500,是,坡道平面1,11.04,有,0,0,3
買賣,萬華區,房地(土地+建物),6.61,土地:1建物:1車位:,五層,華廈(10層含以下有電梯),住家用,32.62,3.0,2.0,2.0,有,無,1480,否,,0.0,有,0,3,5
買賣,中山區,房地(土地+建物),9.0,土地:1建物:1車位:,二層,公寓(5樓含以下無電梯),住家用,22.89,3.0,2.0,1.0,有,無,1630,否,,0.0,無,0,5,9
預售屋,北投區,房地(土地+建物)+車位,24.43,土地:1建物:1車位:5,十三層,辦公商業大樓,商業用,213.49,,,,無,,13448,否,坡道平面5,36.01,,0,0,0
預售屋,內湖區,房地(土地+建物)+車位,5.14,土地:6建物:1車位:1,十層,住宅大樓(11層含以上有電梯),住家用,49.2,3.0,2.0,2.0,有,,4635,否,坡道平面1,11.17,,0,2,2
買賣,萬華區,房地(土地+建物),8.77,土地:1建物:1車位:,三層,公寓(5樓含以下無電梯),住家用,26.67,3.0,2.0,2.0,有,無,1080,否,,0.0,無,0,0,1
買賣,信義區,房地(土地+建物),5.29,土地:3建物:1車位:,三層,大樓(11層含以上有電梯),見其他登記事項,26.44,2.0,2.0,1.0,有,有,2588,否,,0.0,有,0,4,7
買賣,大安區,房地(土地+建物),2.77,土地:1建物:1車位:,五層,華廈(10層含以下有電梯),住家用,11.79,1.0,1.0,1.0,有,有,700,否,,0.0,有,0,6,16
買賣,松山區,房地(土地+建物),11.34,土地:1建物:1車位:,"一層,平台",公寓(5樓含以下無電梯),住家用,32.63,3.0,2.0,2.0,有,無,1198,否,,0.0,無,0,2,4
買賣,內湖區,房地(土地+建物),4.63,土地:1建物:1車位:,四層,華廈(10層含以下有電梯),住家用,16.48,1.0,1.0,1.0,有,有,1303,否,,0.0,有,0,2,2
買賣,中山區,房地(土地+建物)+車位,5.31,土地:1建物:1車位:1,五層,華廈(10層含以下有電梯),見其他登記事項,28.31,2.0,1.0,2.0,有,有,2180,是,升降機械1,3.89,有,0,7,16
預售屋,大安區,房地(土地+建物),2.24,土地:19建物:1車位:,十一層,住宅大樓(11層含以上有電梯),見其他登記事項,25.76,0.0,0.0,1.0,有,,4610,否,,0.0,,1,3,9
預售屋,內湖區,房地(土地+建物)+車位,5.14,土地:6建物:1車位:1,十一層,住宅大樓(11層含以上有電梯),住家用,49.2,3.0,2.0,2.0,有,,4665,否,坡道平面1,11.17,,0,2,2
預售屋,大安區,房地(土地+建物),2.57,土地:19建物:1車位:,三十一層,住宅大樓(11層含以上有電梯),住家用,29.69,2.0,2.0,1.0,有,,6438,否,,0.0,,1,3,9
預售屋,大安區,房地(土地+建物),3.16,土地:19建物:1車位:,十一層,住宅大樓(11層含以上有電梯),見其他登記事項,36.43,0.0,0.0,1.0,有,,6618,否,,0.0,,1,3,9
買賣,內湖區,房地(土地+建物),3.7,土地:1建物:1車位:,九層,大樓(11層含以上有電梯),商業用,39.55,4.0,2.0,2.0,有,有,2610,否,,0.0,有,1,2,3
預售屋,北投區,房地(土地+建物)+車位,8.34,土地:1建物:1車位:1,十層,住宅大樓(11層含以上有電梯),住家用,54.63,3.0,2.0,2.0,有,,5798,否,坡道平面1,7.87,,0,0,0
買賣,內湖區,房地(土地+建物),13.31,土地:1建物:1車位:,"二層,陽台",公寓(5樓含以下無電梯),工業用,31.44,0.0,1.0,2.0,有,無,1460,否,,0.0,無,0,1,3
買賣,萬華區,房地(土地+建物),7.57,土地:1建物:1車位:,七層,大樓(11層含以上有電梯),見其他登記事項,45.49,3.0,2.0,2.0,有,有,3728,否,,0.0,有,2,3,6
買賣,萬華區,房地(土地+建物),11.53,土地:2建物:1車位:,"一層,騎樓",公寓(5樓含以下無電梯),見使用執照,41.46,0.0,2.0,2.0,有,無,2698,否,,0.0,無,0,1,2
買賣,內湖區,房地(土地+建物)+車位,9.64,土地:1建物:3車位:2,六層,華廈(10層含以下有電梯),住家用,96.97,3.0,2.0,2.0,有,有,5058,是,"坡道平面1,塔式車位1",0.0,有,0,0,2
買賣,大安區,房地(土地+建物),2.51,土地:2建物:1車位:,"八層,陽臺",大樓(11層含以上有電梯),住家用,17.34,1.0,1.0,1.0,有,有,1682,否,,0.0,有,4,4,18
預售屋,內湖區,房地(土地+建物)+車位,5.36,土地:6建物:1車位:1,十層,住宅大樓(11層含以上有電梯),住家用,50.81,3.0,2.0,2.0,有,,4777,否,坡道平面1,11.17,,0,2,2
買賣,大安區,房地(土地+建物)+車位,30.71,土地:1建物:3車位:3,五層,大樓(11層含以上有電梯),商業用,356.42,,,,無,有,30627,是,坡道平面3,0.0,有,4,11,16
買賣,中山區,房地(土地+建物)+車位,1.19,土地:1建物:1車位:1,五層,大樓(11層含以上有電梯),住家用,15.42,1.0,2.0,1.0,有,有,1540,否,塔式車位1,2.74,有,2,8,17
預售屋,大安區,房地(土地+建物)+車位,3.77,土地:2建物:1車位:2,十一層,住宅大樓(11層含以上有電梯),住家用,48.02,,,,無,,5757,否,其他2,13.77,,1,2,8
買賣,大安區,房地(土地+建物),8.19,土地:1建物:1車位:,三層,華廈(10層含以下有電梯),住家用,30.06,1.0,1.0,1.0,有,有,2520,否,,0.0,有,3,5,16
買賣,松山區,房地(土地+建物)+車位,5.2,土地:1建物:1車位:1,八層,華廈(10層含以下有電梯),見其他登記事項,30.6,2.0,1.0,1.0,有,無,3000,否,升降機械1,4.34,有,2,4,12
買賣,松山區,房地(土地+建物)+車位,7.44,土地:1建物:1車位:1,九層,華廈(10層含以下有電梯),見其他登記事項,41.94,3.0,2.0,2.0,有,無,4386,否,升降機械1,4.34,有,2,4,12
預售屋,大安區,房地(土地+建物)+車位,2.99,土地:19建物:1車位:1,一層,店面(店鋪),見其他登記事項,36.34,0.0,0.0,1.0,有,,5180,否,坡道平面1,10.83,,1,3,9
預售屋,文山區,房地(土地+建物)+車位,5.98,土地:26建物:1車位:1,九層,住宅大樓(11層含以上有電梯),見其他登記事項,48.11,3.0,2.0,2.0,有,,3925,否,坡道平面1,9.92,,0,0,2
買賣,文山區,車位,0.01,土地:1建物:1車位:1,"一層,二層,三層,四層,五層,六層,七層,屋頂突出物,地下一層",,共有部分,2.55,,,,無,有,70,-,升降機械1,2.55,有,0,0,2
買賣,大同區,房地(土地+建物),3.29,土地:3建物:1車位:,二層,公寓(5樓含以下無電梯),住家用,9.73,,,,無,無,550,否,,0.0,無,0,1,5
買賣,中山區,房地(土地+建物),1.74,土地:1建物:1車位:,六層,華廈(10層含以下有電梯),商業用,9.27,2.0,1.0,1.0,有,有,760,否,,0.0,有,3,11,15
買賣,大安區,房地(土地+建物)+車位,4.55,土地:1建物:1車位:1,七層,華廈(10層含以下有電梯),住家用,31.25,1.0,2.0,1.0,有,有,3100,否,塔式車位1,4.69,有,0,6,13
買賣,萬華區,房地(土地+建物),2.1,土地:1建物:1車位:,五層,大樓(11層含以上有電梯),住家用,28.5,2.0,2.0,1.0,有,有,2400,否,,0.0,有,0,3,8
買賣,萬華區,房地(土地+建物),1.01,土地:3建物:1車位:,六層,華廈(10層含以下有電梯),商業用,8.92,1.0,0.0,1.0,有,有,460,否,,0.0,有,0,3,8
買賣,文山區,車位,0.04,土地:1建物:1車位:1,"一層,騎樓",,見其他登記事項,0.52,,,,無,有,68,-,塔式車位1,0.52,有,1,3,4
買賣,文山區,房地(土地+建物)+車位,10.31,土地:1建物:1車位:1,一層,華廈(10層含以下有電梯),住家用,48.15,4.0,2.0,2.0,有,有,3150,是,升降平面1,4.53,有,0,0,0
預售屋,大安區,房地(土地+建物)+車位,3.78,土地:2建物:1車位:1,十一層,住宅大樓(11層含以上有電梯),住家用,40.73,,,,無,,5520,否,其他1,6.88,,1,2,8
買賣,內湖區,房地(土地+建物),11.45,土地:1建物:1車位:,一層,公寓(5樓含以下無電梯),住家用,29.56,3.0,2.0,1.0,有,無,2225,否,,0.0,無,2,2,3
預售屋,文山區,房地(土地+建物)+車位,3.99,土地:2建物:1車位:1,二十一層,住宅大樓(11層含以上有電梯),住家用,31.52,2.0,2.0,2.0,有,,2933,否,坡道平面1,6.91,,0,2,3
買賣,大安區,房地(土地+建物),1.84,土地:1建物:1車位:,十層,大樓(11層含以上有電梯),商業用,19.23,1.0,1.0,0.0,有,有,2116,否,,0.0,有,1,6,13
預售屋,內湖區,房地(土地+建物)+車位,5.14,土地:6建物:1車位:1,八層,住宅大樓(11層含以上有電梯),住家用,49.2,3.0,2.0,2.0,有,,4564,否,坡道平面1,11.17,,0,2,2
買賣,內湖區,房地(土地+建物),9.73,土地:1建物:1車位:,二層,公寓(5樓含以下無電梯),住家用,42.38,4.0,2.0,2.0,有,無,1970,否,,0.0,無,1,2,3
買賣,大安區,房地(土地+建物),3.14,土地:1建物:1車位:,十二層,大樓(11層含以上有電梯),住家用,24.33,5.0,2.0,2.0,有,有,1200,否,,0.0,有,3,10,15
預售屋,大安區,房地(土地+建物),3.19,土地:19建物:1車位:,七層,住宅大樓(11層含以上有電梯),見其他登記事項,36.77,0.0,0.0,1.0,有,,6378,否,,0.0,,1,3,9
預售屋,松山區,房地(土地+建物),3.36,土地:3建物:1車位:0,二層,華廈(10層含以下有電梯),住家用,17.01,2.0,1.0,1.0,有,,2065,否,,0.0,,0,1,3
買賣,士林區,房地(土地+建物),8.02,土地:1建物:1車位:,三層,公寓(5樓含以下無電梯),住家用,20.08,3.0,1.0,1.0,有,無,1111,否,,0.0,無,0,0,0
買賣,中山區,房地(土地+建物),2.21,土地:1建物:1車位:,十二層,大樓(11層含以上有電梯),住家用,20.81,1.0,1.0,1.0,有,有,1950,否,,0.0,有,0,10,19
預售屋,內湖區,房地(土地+建物)+車位,4.91,土地:6建物:1車位:1,九層,住宅大樓(11層含以上有電梯),住家用,47.53,3.0,2.0,2.0,有,,4343,否,坡道平面1,11.17,,0,2,2
買賣,信義區,房地(土地+建物),9.34,土地:1建物:1車位:,九層,大樓(11層含以上有電梯),住家用,45.58,3.0,2.0,2.0,有,有,2900,否,,0.0,有,0,0,2
買賣,內湖區,房地(土地+建物)+車位,26.0,土地:1建物:1車位:3,"一層,二層,三層,四層,五層,六層,七層,八層,屋頂突出物,地下一層,地下二層,地下三層",華廈(10層含以下有電梯),見其他登記事項,157.15,3.0,2.0,0.0,有,有,7900,否,坡道平面3,35.12,有,0,2,3
預售屋,內湖區,房地(土地+建物)+車位,5.36,土地:6建物:1車位:2,十三層,住宅大樓(11層含以上有電梯),住家用,61.98,3.0,2.0,2.0,有,,5152,否,坡道平面2,22.34,,0,2,2
預售屋,內湖區,房地(土地+建物)+車位,4.91,土地:6建物:1車位:1,十層,住宅大樓(11層含以上有電梯),住家用,47.53,3.0,2.0,2.0,有,,4382,否,坡道平面1,11.17,,0,2,2
買賣,中正區,房地(土地+建物),1.8,土地:2建物:1車位:,五層,大樓(11層含以上有電梯),見其他登記事項,18.35,1.0,1.0,1.0,有,有,2550,否,,0.0,有,2,5,8
買賣,內湖區,房地(土地+建物)+車位,17.38,土地:1建物:1車位:1,二層,華廈(10層含以下有電梯),住家用,44.98,3.0,2.0,2.0,有,有,3088,否,坡道平面1,12.54,有,0,1,1
買賣,中山區,房地(土地+建物),1.83,土地:1建物:1車位:,五層,大樓(11層含以上有電梯),住家用,15.74,1.0,1.0,1.0,有,有,1180,否,,0.0,有,0,9,15
預售屋,大同區,房地(土地+建物)+車位,4.37,土地:5建物:1車位:1,十一層,住宅大樓(11層含以上有電梯),住家用,49.68,3.0,2.0,2.0,有,,4420,否,坡道平面1,12.71,,1,4,8
預售屋,內湖區,房地(土地+建物)+車位,5.36,土地:6建物:1車位:1,十四層,住宅大樓(11層含以上有電梯),住家用,50.81,3.0,2.0,2.0,有,,4934,否,坡道平面1,11.17,,0,2,2
買賣,中山區,車位,0.02,土地:1建物:1車位:1,"一層,二層,三層,四層,五層,六層,七層,八層,九層,十層,十一層,十二層,屋頂突出物,騎樓,地下一層,地下二層",,見其他登記事項,6.32,,,,無,有,68,-,其他1,0.0,有,3,7,13
買賣,北投區,房地(土地+建物)+車位,6.13,土地:1建物:1車位:1,六層,華廈(10層含以下有電梯),住家用,34.0,2.0,2.0,1.0,有,有,2380,是,坡道機械1,8.51,有,0,2,3
預售屋,中山區,房地(土地+建物)+車位,3.23,土地:7建物:1車位:1,七層,住宅大樓(11層含以上有電梯),住家用,43.34,3.0,2.0,2.0,有,,4910,否,坡道平面1,9.23,,1,4,13
買賣,內湖區,房地(土地+建物),10.65,土地:1建物:1車位:,二層,公寓(5樓含以下無電梯),住家用,32.7,3.0,2.0,2.0,有,無,1750,否,,0.0,無,0,0,1
買賣,士林區,房地(土地+建物)+車位,12.73,土地:1建物:1車位:2,十三層,大樓(11層含以上有電梯),見其他登記事項,91.9,4.0,2.0,3.0,有,有,5570,否,坡道平面2,15.43,有,1,2,2
買賣,松山區,房地(土地+建物)+車位,1.91,土地:1建物:1車位:1,四層,大樓(11層含以上有電梯),見其他登記事項,21.74,2.0,2.0,1.0,有,有,2450,否,坡道機械1,4.29,有,1,2,4
買賣,中山區,房地(土地+建物)+車位,18.52,土地:1建物:1車位:1,五層,華廈(10層含以下有電梯),住家用,52.78,3.0,2.0,2.0,有,有,3784,是,坡道平面1,0.0,有,0,2,3
預售屋,大安區,房地(土地+建物)+車位,3.99,土地:19建物:1車位:1,十一層,住宅大樓(11層含以上有電梯),見其他登記事項,55.0,0.0,0.0,1.0,有,,8324,否,坡道平面1,10.83,,1,3,9
買賣,內湖區,房地(土地+建物),11.74,土地:1建物:1車位:,五層,華廈(10層含以下有電梯),住家用,35.99,3.0,2.0,2.0,有,有,2708,否,,0.0,有,2,2,2
預售屋,大安區,房地(土地+建物)+車位,3.32,土地:26建物:1車位:1,四層,住宅大樓(11層含以上有電梯),住家用,44.56,2.0,2.0,2.0,有,,5345,否,坡道平面1,11.08,,3,12,18
買賣,中山區,房地(土地+建物),2.8,土地:1建物:1車位:,七層,大樓(11層含以上有電梯),住家用,22.21,3.0,2.0,1.0,有,有,1730,否,,0.0,有,1,5,12
買賣,內湖區,房地(土地+建物),9.41,土地:1建物:1車位:,一層,公寓(5樓含以下無電梯),住家用,28.98,3.0,2.0,2.0,有,無,1760,否,,0.0,無,0,1,3
買賣,松山區,房地(土地+建物),1.45,土地:2建物:1車位:,"一層,騎樓",華廈(10層含以下有電梯),見使用執照,11.99,0.0,1.0,1.0,有,有,1780,否,,0.0,有,2,8,16
預售屋,大安區,房地(土地+建物),2.57,土地:19建物:1車位:,二十二層,住宅大樓(11層含以上有電梯),住家用,29.69,2.0,2.0,1.0,有,,5999,否,,0.0,,1,3,9
預售屋,內湖區,房地(土地+建物)+車位,3.66,土地:6建物:1車位:1,十三層,住宅大樓(11層含以上有電梯),住家用,38.24,2.0,2.0,1.0,有,,3523,否,坡道平面1,11.17,,0,2,2
買賣,內湖區,房地(土地+建物),5.17,土地:1建物:1車位:,"一層,二層",大樓(11層含以上有電梯),商業用,19.01,1.0,2.0,1.0,有,有,1928,否,,0.0,有,0,1,2
買賣,內湖區,房地(土地+建物),2.28,土地:1建物:1車位:,十二層,大樓(11層含以上有電梯),住家用,16.65,1.0,1.0,1.0,有,有,1950,否,,0.0,有,0,3,3
買賣,大同區,房地(土地+建物),1.64,土地:1建物:1車位:,十三層,大樓(11層含以上有電梯),見其他登記事項,14.76,0.0,2.0,1.0,有,有,1788,否,,0.0,有,4,7,16
預售屋,大安區,房地(土地+建物)+車位,3.95,土地:19建物:1車位:1,二十九層,住宅大樓(11層含以上有電梯),住家用,54.6,3.0,2.0,2.0,有,,9888,否,坡道平面1,10.83,,1,3,9
買賣,士林區,房地(土地+建物),2.73,土地:5建物:1車位:,三層,公寓(5樓含以下無電梯),住家用,9.33,3.0,2.0,1.0,有,無,467,否,,0.0,無,0,0,0
買賣,大安區,房地(土地+建物),11.31,土地:5建物:1車位:,五層,公寓(5樓含以下無電梯),住家用,44.46,3.0,2.0,2.0,有,有,3990,否,,0.0,無,1,4,13
買賣,大安區,房地(土地+建物)+車位,13.46,土地:1建物:1車位:1,"五層,夾層",華廈(10層含以下有電梯),住家用,64.63,4.0,3.0,2.0,有,有,6588,是,其他1,0.0,有,1,3,9
買賣,內湖區,房地(土地+建物)+車位,30.33,土地:1建物:2車位:2,九層,華廈(10層含以下有電梯),工業用,168.38,,,,無,有,10330,否,坡道平面2,20.82,有,2,2,3
買賣,中山區,車位,0.09,土地:1建物:1車位:1,"一層,地下一層,地下二層,地下三層,地下四層,地下五層,地下六層",,見其他登記事項,10.08,,,,無,有,260,-,坡道平面1,10.08,有,0,9,12
買賣,北投區,房地(土地+建物)+車位,14.38,土地:1建物:1車位:1,四層,大樓(11層含以上有電梯),見其他登記事項,57.74,3.0,2.0,2.0,有,有,2000,是,坡道平面1,13.23,有,1,2,4
買賣,北投區,房地(土地+建物),2.97,土地:1建物:1車位:,二層,華廈(10層含以下有電梯),住家用,11.93,1.0,1.0,1.0,有,有,1180,否,,0.0,有,0,0,1
買賣,中山區,房地(土地+建物)+車位,9.73,土地:1建物:1車位:1,四層,大樓(11層含以上有電梯),住家用,55.6,3.0,2.0,3.0,有,有,5400,是,坡道平面1,0.0,有,2,2,2
買賣,北投區,房地(土地+建物),9.15,土地:1建物:1車位:,四層,公寓(5樓含以下無電梯),住家用,34.4,3.0,2.0,1.0,有,無,1400,否,,0.0,無,1,1,1
買賣,中山區,房地(土地+建物),0.67,土地:1建物:1車位:,八層,大樓(11層含以上有電梯),住商用,8.04,1.0,1.0,1.0,有,有,540,否,,0.0,有,0,9,12
買賣,大安區,房地(土地+建物),4.99,土地:1建物:1車位:,"一層,騎樓,地下層",公寓(5樓含以下無電梯),,23.41,,,,無,無,2200,否,,0.0,無,2,7,8
買賣,內湖區,房地(土地+建物),8.21,土地:1建物:1車位:,四層,大樓(11層含以上有電梯),住家用,35.75,3.0,2.0,2.0,有,有,2860,否,,0.0,有,2,2,3
預售屋,北投區,房地(土地+建物)+車位,8.34,土地:1建物:1車位:1,四層,住宅大樓(11層含以上有電梯),住家用,54.63,3.0,2.0,2.0,有,,5582,否,坡道平面1,7.87,,0,0,0
預售屋,松山區,房地(土地+建物),3.36,土地:3建物:1車位:0,四層,華廈(10層含以下有電梯),住家用,17.01,2.0,1.0,1.0,有,,2155,否,,0.0,,0,1,3
預售屋,內湖區,房地(土地+建物),3.66,土地:6建物:1車位:,九層,住宅大樓(11層含以上有電梯),住家用,27.07,2.0,2.0,1.0,有,,3097,否,,0.0,,0,2,2
買賣,中山區,房地(土地+建物),2.03,土地:2建物:1車位:,一層,華廈(10層含以下有電梯),見其他登記事項,7.43,2.0,1.0,1.0,有,有,1480,否,,0.0,有,0,7,12
買賣,士林區,房地(土地+建物),6.3,土地:1建物:1車位:,三層,大樓(11層含以上有電梯),見其他登記事項,38.03,3.0,2.0,2.0,有,有,3188,否,,0.0,有,0,0,0
買賣,大安區,房地(土地+建物),4.28,土地:1建物:1車位:,三層,華廈(10層含以下有電梯),住家用,12.71,1.0,1.0,1.0,有,無,1210,否,,0.0,有,0,2,10
預售屋,萬華區,房地(土地+建物)+車位,3.51,土地:34建物:1車位:1,十四層,住宅大樓(11層含以上有電梯),見其他登記事項,38.59,2.0,2.0,2.0,有,,2550,否,坡道平面1,13.66,,0,1,1
買賣,松山區,房地(土地+建物)+車位,3.93,土地:1建物:1車位:1,六層,大樓(11層含以上有電梯),見其他登記事項,55.25,2.0,2.0,2.0,有,有,6300,否,坡道平面1,11.96,有,2,3,11
買賣,大同區,房地(土地+建物)+車位,6.68,土地:1建物:1車位:2,二層,大樓(11層含以上有電梯),住家用,101.54,4.0,1.0,2.0,有,有,2000,是,坡道平面2,22.88,有,0,9,11
預售屋,信義區,房地(土地+建物),1.53,土地:4建物:1車位:,五層,住宅大樓(11層含以上有電梯),見其他登記事項,21.43,2.0,2.0,1.0,有,,3200,否,,0.0,,1,3,6
預售屋,大安區,房地(土地+建物)+車位,4.95,土地:2建物:1車位:1,七層,住宅大樓(11層含以上有電梯),住家用,51.5,,,,無,,6674,否,其他1,6.88,,1,2,8
買賣,內湖區,房地(土地+建物),2.84,土地:1建物:1車位:,三層,華廈(10層含以下有電梯),商業用,13.65,1.0,1.0,1.0,有,有,1050,否,,0.0,有,1,2,3
買賣,松山區,房地(土地+建物),14.21,土地:2建物:1車位:,三層,大樓(11層含以上有電梯),見其他登記事項,55.15,4.0,2.0,2.0,有,有,5050,否,,0.0,有,2,3,7
買賣,文山區,房地(土地+建物),10.74,土地:1建物:1車位:,三層,公寓(5樓含以下無電梯),住家用,26.7,3.0,2.0,1.0,有,無,850,否,,0.0,無,0,2,2
買賣,內湖區,房地(土地+建物)+車位,18.24,土地:1建物:1車位:2,二層,華廈(10層含以下有電梯),工業用,122.41,,,,無,有,6738,否,坡道平面2,20.19,有,0,2,3
買賣,士林區,房地(土地+建物),8.83,土地:1建物:1車位:,二層,公寓(5樓含以下無電梯),住家用,27.62,3.0,2.0,2.0,有,無,1310,否,,0.0,無,0,0,3
買賣,大安區,房地(土地+建物),12.21,土地:2建物:1車位:,三層,公寓(5樓含以下無電梯),住家用,32.81,3.0,2.0,2.0,有,無,2950,否,,0.0,無,0,6,10
預售屋,北投區,房地(土地+建物)+車位,8.34,土地:1建物:1車位:1,十四層,住宅大樓(11層含以上有電梯),住家用,54.63,3.0,2.0,2.0,有,,5866,否,坡道平面1,7.87,,0,0,0
買賣,信義區,房地(土地+建物),4.54,土地:1建物:1車位:,二層,大樓(11層含以上有電梯),住家用,31.18,3.0,2.0,2.0,有,有,2528,否,,0.0,有,0,1,4
預售屋,北投區,房地(土地+建物)+車位,8.35,土地:1建物:1車位:1,十五層,住宅大樓(11層含以上有電梯),住家用,54.68,3.0,2.0,2.0,有,,5880,否,坡道平面1,7.87,,0,0,0
預售屋,中正區,房地(土地+建物)+車位,3.15,土地:8建物:1車位:1,六層,住宅大樓(11層含以上有電梯),住家用,34.95,2.0,1.0,2.0,有,,4767,否,塔式車位1,3.28,,3,7,14
預售屋,松山區,房地(土地+建物),2.13,土地:3建物:1車位:0,一層,套房(1房(1廳)1衛),住家用,10.78,0.0,1.0,1.0,有,,1400,否,,0.0,,0,1,3
預售屋,內湖區,房地(土地+建物)+車位,5.36,土地:6建物:1車位:1,九層,住宅大樓(11層含以上有電梯),住家用,50.81,3.0,2.0,2.0,有,,4755,否,坡道平面1,11.17,,0,2,2
買賣,信義區,房地(土地+建物),7.0,土地:2建物:1車位:,四層,華廈(10層含以下有電梯),住家用,35.72,3.0,2.0,2.0,有,有,3388,否,,0.0,有,0,3,7
買賣,大同區,房地(土地+建物),0.95,土地:1建物:1車位:,三層,大樓(11層含以上有電梯),商業用,12.15,,,,無,無,400,否,,0.0,有,1,5,12
預售屋,文山區,房地(土地+建物)+車位,3.99,土地:2建物:1車位:1,二層,住宅大樓(11層含以上有電梯),住家用,32.11,2.0,2.0,2.0,有,,2914,否,坡道平面1,7.5,,0,2,3
買賣,南港區,車位,0.57,土地:1建物:1車位:1,"地下一層,地下二層,地下三層,地下四層",,停車空間,10.4,,,,無,有,208,-,坡道平面1,10.4,有,3,6,8
買賣,大安區,房地(土地+建物)+車位,4.51,土地:2建物:1車位:1,三層,大樓(11層含以上有電梯),住家用,51.24,,,,無,有,7204,是,塔式車位1,3.62,有,0,4,12
買賣,信義區,房地(土地+建物),2.05,土地:3建物:1車位:,九層,大樓(11層含以上有電梯),見其他登記事項,12.17,0.0,1.0,1.0,有,有,1765,否,,0.0,有,1,2,5
預售屋,中山區,房地(土地+建物),0.97,土地:40建物:1車位:,二十一層,住宅大樓(11層含以上有電梯),住家用,17.08,1.0,2.0,1.0,有,,2410,否,,0.0,,0,11,12
買賣,大同區,房地(土地+建物),0.96,土地:1建物:1車位:,五層,大樓(11層含以上有電梯),商業用,8.59,0.0,1.0,1.0,有,有,645,否,,0.0,有,1,7,15
買賣,大同區,車位,0.02,土地:1建物:1車位:1,"一層,陽臺,地下一層,地下二層",,見其他登記事項,3.2,,,,無,無,65,-,塔式車位1,3.2,有,5,7,16
買賣,中正區,房地(土地+建物),0.77,土地:1建物:1車位:,八層,華廈(10層含以下有電梯),住家用,4.34,1.0,0.0,1.0,有,無,250,否,,0.0,有,3,7,13
預售屋,內湖區,房地(土地+建物)+車位,4.38,土地:6建物:1車位:1,六層,住宅大樓(11層含以上有電梯),住家用,43.58,3.0,2.0,2.0,有,,3838,否,坡道平面1,11.17,,0,2,2
預售屋,松山區,房地(土地+建物),2.48,土地:3建物:1車位:0,七層,華廈(10層含以下有電梯),住家用,12.54,1.0,1.0,1.0,有,,1650,否,,0.0,,0,1,3
預售屋,內湖區,房地(土地+建物)+車位,5.04,土地:6建物:1車位:1,十五層,住宅大樓(11層含以上有電梯),住家用,48.47,3.0,2.0,2.0,有,,4722,否,坡道平面1,11.17,,0,2,2
預售屋,松山區,房地(土地+建物),2.48,土地:3建物:1車位:0,六層,華廈(10層含以下有電梯),住家用,12.54,1.0,1.0,1.0,有,,1625,否,,0.0,,0,1,3
預售屋,文山區,房地(土地+建物)+車位,1911.5,土地:2建物:1車位:1,三層,華廈(10層含以下有電梯),住家用,25.09,2.0,2.0,1.0,有,,1420,否,其他1,4.3,,0,1,3
買賣,內湖區,房地(土地+建物),2.91,土地:2建物:1車位:,一層,大樓(11層含以上有電梯),見其他登記事項,14.57,0.0,1.0,1.0,有,有,1515,否,,0.0,有,0,2,3
預售屋,內湖區,房地(土地+建物),3.64,土地:6建物:1車位:,十三層,住宅大樓(11層含以上有電梯),住家用,26.92,2.0,2.0,1.0,有,,3098,否,,0.0,,0,2,2
預售屋,萬華區,房地(土地+建物)+車位,4.18,土地:34建物:1車位:1,五層,住宅大樓(11層含以上有電梯),見其他登記事項,43.56,2.0,2.0,2.0,有,,2750,否,坡道平面1,13.66,,0,1,1
買賣,大安區,車位,1.95,土地:1建物:1車位:1,地下一層,,見其他登記事項,10.62,,,,無,有,450,-,坡道平面1,10.62,有,1,2,14
買賣,大安區,房地(土地+建物),9.98,土地:3建物:1車位:,二層,公寓(5樓含以下無電梯),,33.01,3.0,2.0,2.0,有,無,3960,否,,0.0,無,4,10,15
買賣,中山區,房地(土地+建物),18.91,土地:1建物:1車位:,五層,華廈(10層含以下有電梯),商業用,96.35,,,,無,有,6500,否,,0.0,有,0,6,15
買賣,士林區,房地(土地+建物)+車位,6.5,土地:1建物:1車位:1,十層,大樓(11層含以上有電梯),見其他登記事項,42.96,3.0,2.0,2.0,有,有,3960,否,其他1,3.97,有,0,0,0
買賣,萬華區,房地(土地+建物),3.84,土地:1建物:1車位:,三層,公寓(5樓含以下無電梯),住家用,9.79,2.0,1.0,1.0,有,有,310,否,,0.0,無,0,0,1
預售屋,大安區,房地(土地+建物)+車位,6.6,土地:19建物:1車位:2,三十層,住宅大樓(11層含以上有電梯),住家用,91.0,4.0,2.0,2.0,有,,15807,否,坡道平面2,21.65,,1,3,9
買賣,大同區,房地(土地+建物),0.74,土地:1建物:1車位:,九層,大樓(11層含以上有電梯),住家用,9.05,1.0,1.0,1.0,有,有,950,否,,0.0,有,2,8,11
買賣,文山區,房地(土地+建物)+車位,4.44,土地:1建物:1車位:1,"一層,陽臺,屋頂突出物,地下一層,地下二層",華廈(10層含以下有電梯),住家用,31.99,1.0,2.0,1.0,有,有,1875,否,坡道平面1,13.56,有,1,1,6
買賣,大安區,房地(土地+建物)+車位,4.03,土地:1建物:1車位:1,三層,大樓(11層含以上有電梯),商業用,47.56,3.0,2.0,1.0,有,有,4580,否,坡道平面1,7.23,有,4,9,18
預售屋,北投區,房地(土地+建物)+車位,6.58,土地:1建物:1車位:1,十四層,住宅大樓(11層含以上有電梯),住家用,44.81,3.0,2.0,2.0,有,,5592,否,坡道平面1,7.87,,0,0,0
買賣,內湖區,房地(土地+建物),10.11,土地:1建物:1車位:,五層,公寓(5樓含以下無電梯),住家用,31.26,3.0,2.0,1.0,有,無,1900,否,,0.0,無,0,0,1
買賣,中山區,建物,0.0,土地:0建物:1車位:1,"一層,夾層",大樓(11層含以上有電梯),商業用,32.72,0.0,0.0,1.0,有,有,1262,-,坡道平面1,0.0,有,3,6,15
買賣,北投區,車位,0.36,土地:1建物:1車位:2,地下層,,見使用執照,24.02,,,,無,有,360,-,坡道平面2,0.0,有,0,0,0
買賣,北投區,房地(土地+建物),11.4,土地:1建物:1車位:,二層,公寓(5樓含以下無電梯),住家用,27.28,3.0,2.0,1.0,有,無,940,否,,0.0,無,1,2,2
買賣,士林區,房地(土地+建物)+車位,8.08,土地:1建物:1車位:2,十一層,大樓(11層含以上有電梯),見其他登記事項,64.08,,,,無,有,6830,否,坡道平面2,21.23,有,0,0,2
買賣,萬華區,車位,0.02,土地:1建物:1車位:2,"一層,二層,三層,四層,五層,六層,七層,八層,九層,十層,十一層,十二層,十三層,十四層,十五層,屋頂突出物,地下一層,地下二層,地下三層",,見其他登記事項,20.6,,,,無,有,510,-,坡道平面2,20.59,有,2,3,6
買賣,萬華區,車位,0.01,土地:1建物:1車位:1,"一層,二層,三層,四層,五層,六層,七層,八層,九層,十層,十一層,十二層,十三層,十四層,十五層,屋頂突出物,地下一層,地下二層,地下三層",,見其他登記事項,10.3,,,,無,有,190,-,坡道平面1,10.3,有,0,0,1
預售屋,大安區,房地(土地+建物)+車位,5.46,土地:19建物:1車位:1,三十一層,住宅大樓(11層含以上有電梯),住家用,69.26,3.0,2.0,2.0,有,,13350,否,坡道平面1,10.83,,1,3,9
買賣,中山區,房地(土地+建物),7.87,土地:1建物:1車位:,四層,公寓(5樓含以下無電梯),住家用,30.11,3.0,2.0,1.0,有,無,1912,否,,0.0,無,0,2,4
預售屋,中正區,房地(土地+建物)+車位,3.65,土地:8建物:1車位:1,九層,住宅大樓(11層含以上有電梯),住家用,39.92,3.0,2.0,2.0,有,,5510,否,塔式車位1,3.28,,3,7,14
預售屋,北投區,房地(土地+建物)+車位,27.29,土地:1建物:1車位:5,十三層,辦公商業大樓,商業用,234.34,,,,無,,14859,否,坡道平面5,36.01,,0,0,0
買賣,萬華區,建物,0.0,土地:0建物:1車位:,一層,透天厝,,9.48,,,,無,無,350,-,,0.0,無,0,0,1
買賣,北投區,房地(土地+建物),6.53,土地:2建物:1車位:,五層,公寓(5樓含以下無電梯),住家用,22.93,3.0,1.0,1.0,有,無,850,否,,0.0,無,0,1,2
買賣,大安區,房地(土地+建物)+車位,9.79,土地:1建物:1車位:1,五層,華廈(10層含以下有電梯),住家用,40.27,2.0,2.0,1.0,有,有,4568,是,坡道平面1,0.0,有,3,5,16
買賣,內湖區,房地(土地+建物),10.91,土地:2建物:1車位:,三層,公寓(5樓含以下無電梯),住家用,27.03,3.0,2.0,2.0,有,無,1930,否,,0.0,無,2,2,2
買賣,大同區,房地(土地+建物),3.29,土地:3建物:1車位:,一層,公寓(5樓含以下無電梯),住家用,9.73,,,,無,無,1050,否,,0.0,無,0,1,5
預售屋,內湖區,房地(土地+建物)+車位,4.38,土地:6建物:1車位:1,七層,住宅大樓(11層含以上有電梯),住家用,43.58,3.0,2.0,2.0,有,,3865,否,坡道平面1,11.17,,0,2,2
買賣,南港區,房地(土地+建物)+車位,13.16,土地:1建物:1車位:1,七層,華廈(10層含以下有電梯),住家用,60.56,3.0,2.0,2.0,有,有,3500,是,坡道平面1,10.21,有,0,1,2
預售屋,內湖區,房地(土地+建物)+車位,3.64,土地:6建物:1車位:1,十二層,住宅大樓(11層含以上有電梯),住家用,38.09,2.0,2.0,1.0,有,,3407,否,坡道平面1,11.17,,0,2,2
買賣,萬華區,房地(土地+建物),0.18,土地:3建物:1車位:,"一層,二層,三層,四層,五層,六層,七層,八層,九層,十層,陽臺,平台,屋頂突出物,騎樓,地下一層,地下二層",華廈(10層含以下有電梯),商業用,3.18,,,,無,有,130,否,,0.0,有,2,7,8
預售屋,內湖區,房地(土地+建物)+車位,3.66,土地:6建物:1車位:1,七層,住宅大樓(11層含以上有電梯),住家用,38.24,2.0,2.0,1.0,有,,3311,否,坡道平面1,11.17,,0,2,2
預售屋,大安區,房地(土地+建物),3.19,土地:19建物:1車位:,十一層,住宅大樓(11層含以上有電梯),見其他登記事項,36.77,0.0,0.0,1.0,有,,6508,否,,0.0,,1,3,9
預售屋,北投區,房地(土地+建物)+車位,8.34,土地:1建物:1車位:1,二十層,住宅大樓(11層含以上有電梯),住家用,54.63,3.0,2.0,2.0,有,,5939,否,坡道平面1,7.87,,0,0,0
買賣,文山區,房地(土地+建物)+車位,3.73,土地:1建物:1車位:1,九層,大樓(11層含以上有電梯),住家用,30.74,4.0,2.0,2.0,有,有,1500,是,升降平面1,0.0,有,1,3,4
預售屋,內湖區,房地(土地+建物)+車位,3.64,土地:6建物:1車位:1,十層,住宅大樓(11層含以上有電梯),住家用,38.09,2.0,2.0,1.0,有,,3334,否,坡道平面1,11.17,,0,2,2
買賣,南港區,房地(土地+建物),20.38,土地:1建物:1車位:,一層,華廈(10層含以下有電梯),工業用,111.42,0.0,1.0,4.0,有,有,7355,否,,0.0,有,0,1,3
預售屋,內湖區,房地(土地+建物)+車位,3.66,土地:6建物:1車位:1,十層,住宅大樓(11層含以上有電梯),住家用,38.24,2.0,2.0,1.0,有,,3429,否,坡道平面1,11.17,,0,2,2
買賣,中正區,房地(土地+建物),7.12,土地:1建物:1車位:,六層,大樓(11層含以上有電梯),見其他登記事項,28.91,2.0,2.0,1.0,有,有,2720,否,,0.0,有,0,2,6
買賣,內湖區,房地(土地+建物)+車位,19.61,土地:1建物:1車位:2,"一層,二層,三層,四層,五層,地下一層,地下二層,地下三層",華廈(10層含以下有電梯),見其他登記事項,101.59,0.0,1.0,0.0,有,有,3500,否,坡道平面2,23.9,有,0,0,3
預售屋,萬華區,房地(土地+建物)+車位,4.18,土地:34建物:1車位:1,十二層,住宅大樓(11層含以上有電梯),見其他登記事項,43.56,2.0,2.0,2.0,有,,2925,否,坡道平面1,13.66,,0,1,1
買賣,大安區,房地(土地+建物)+車位,5.03,土地:3建物:2車位:1,一層,大樓(11層含以上有電梯),商業用,58.36,0.0,1.0,2.0,有,有,4980,否,坡道平面1,17.32,有,0,1,8
買賣,士林區,房地(土地+建物),5.48,土地:1建物:1車位:,二層,公寓(5樓含以下無電梯),住家用,23.33,2.0,1.0,1.0,有,無,1129,否,,0.0,無,1,2,3
預售屋,大安區,房地(土地+建物)+車位,4.77,土地:1建物:1車位:2,五層,住宅大樓(11層含以上有電梯),住家用,51.47,3.0,2.0,2.0,有,,6358,否,升降平面2,17.9,,3,8,18
預售屋,北投區,房地(土地+建物),10.08,土地:1建物:1車位:,十四層,住宅大樓(11層含以上有電梯),住家用,56.54,4.0,2.0,2.0,有,,7743,否,,0.0,,0,0,0
買賣,南港區,房地(土地+建物),8.41,土地:3建物:1車位:,六層,華廈(10層含以下有電梯),住家用,43.75,4.0,2.0,2.0,有,無,3516,否,,0.0,有,1,3,4
預售屋,松山區,房地(土地+建物),0.93,土地:5建物:1車位:,十四層,住宅大樓(11層含以上有電梯),住家用,11.37,1.0,1.0,1.0,有,,1748,否,,0.0,,2,2,8
買賣,文山區,房地(土地+建物),16.88,土地:2建物:1車位:,二層,公寓(5樓含以下無電梯),住家用,34.67,3.0,2.0,2.0,有,無,1468,否,,0.0,無,0,2,3
買賣,松山區,房地(土地+建物),12.96,土地:1建物:1車位:,"三層,陽臺",華廈(10層含以下有電梯),住家用,52.45,4.0,2.0,2.0,有,有,1530,否,,0.0,有,0,1,6
買賣,內湖區,房地(土地+建物)+車位,4.38,土地:1建物:1車位:1,五層,大樓(11層含以上有電梯),住家用,24.31,3.0,2.0,1.0,有,有,1638,否,坡道機械1,5.77,有,0,2,2
預售屋,內湖區,房地(土地+建物)+車位,3.66,土地:6建物:1車位:1,五層,住宅大樓(11層含以上有電梯),住家用,38.24,2.0,2.0,1.0,有,,3231,否,坡道平面1,11.17,,0,2,2
買賣,萬華區,房地(土地+建物),1.64,土地:1建物:1車位:,十層,大樓(11層含以上有電梯),商業用,15.79,,,,無,有,600,否,,0.0,有,3,6,10
預售屋,松山區,房地(土地+建物),3.36,土地:3建物:1車位:0,三層,華廈(10層含以下有電梯),住家用,17.01,2.0,1.0,1.0,有,,2120,否,,0.0,,0,1,3
買賣,南港區,房地(土地+建物),9.22,土地:2建物:1車位:,九層,華廈(10層含以下有電梯),住家用,38.56,3.0,2.0,2.0,有,有,2760,否,,0.0,有,1,3,4
預售屋,內湖區,房地(土地+建物)+車位,3.66,土地:6建物:1車位:1,八層,住宅大樓(11層含以上有電梯),住家用,38.24,2.0,2.0,1.0,有,,3333,否,坡道平面1,11.17,,0,2,2
買賣,大安區,房地(土地+建物)+車位,22.43,土地:1建物:1車位:2,八層,大樓(11層含以上有電梯),商業用,241.7,,,,無,有,20574,是,坡道平面2,0.0,有,4,11,16
買賣,文山區,房地(土地+建物),3.75,土地:1建物:1車位:,六層,大樓(11層含以上有電梯),住家用,11.41,1.0,0.0,1.0,有,有,680,否,,0.0,有,0,3,3
預售屋,大安區,房地(土地+建物)+車位,3.99,土地:19建物:1車位:1,十層,住宅大樓(11層含以上有電梯),見其他登記事項,55.0,0.0,0.0,1.0,有,,8186,否,坡道平面1,10.83,,1,3,9
買賣,大同區,房地(土地+建物)+車位,2.01,土地:1建物:1車位:1,"一層,地下一層,地下二層,地下三層",大樓(11層含以上有電梯),見其他登記事項,27.21,0.0,2.0,1.0,有,有,2048,否,升降平面1,12.45,有,4,7,16
預售屋,萬華區,房地(土地+建物)+車位,3.51,土地:34建物:1車位:1,十三層,住宅大樓(11層含以上有電梯),見其他登記事項,38.59,2.0,2.0,2.0,有,,2552,否,坡道平面1,13.66,,0,1,1
預售屋,北投區,房地(土地+建物)+車位,13.2,土地:1建物:1車位:2,二十三層,住宅大樓(11層含以上有電梯),住家用,89.74,4.0,2.0,3.0,有,,11173,否,坡道平面2,15.74,,0,0,0
預售屋,北投區,房地(土地+建物)+車位,6.58,土地:1建物:1車位:1,十九層,住宅大樓(11層含以上有電梯),住家用,44.81,3.0,2.0,2.0,有,,5555,否,坡道平面1,7.87,,0,0,0
買賣,內湖區,房地(土地+建物),4.33,土地:1建物:1車位:,一層,公寓(5樓含以下無電梯),商業用,11.41,2.0,1.0,1.0,有,無,250,否,,0.0,無,1,2,3
預售屋,大安區,房地(土地+建物)+車位,3.57,土地:19建物:1車位:1,二十二層,住宅大樓(11層含以上有電梯),住家用,50.39,3.0,2.0,2.0,有,,8480,否,坡道平面1,10.83,,1,3,9
買賣,中山區,房地(土地+建物)+車位,20.23,土地:1建物:1車位:3,十五層,大樓(11層含以上有電梯),住家用,179.68,5.0,2.0,5.0,有,有,29200,否,坡道平面3,34.39,有,0,2,4
買賣,中山區,房地(土地+建物),5.63,土地:1建物:1車位:,四層,華廈(10層含以下有電梯),住家用,29.09,2.0,2.0,2.0,有,有,2670,否,,0.0,有,1,3,5
買賣,松山區,房地(土地+建物),5.63,土地:5建物:1車位:,三層,華廈(10層含以下有電梯),住家用,29.32,2.0,2.0,1.0,有,有,2655,否,,0.0,有,0,1,3
買賣,中山區,房地(土地+建物),1.12,土地:1建物:1車位:,五層,大樓(11層含以上有電梯),商業用,9.8,1.0,0.0,1.0,有,有,680,否,,0.0,有,1,6,13
買賣,松山區,房地(土地+建物),5.0,土地:1建物:1車位:,八層,大樓(11層含以上有電梯),商業用,44.91,3.0,1.0,0.0,有,有,3170,否,,0.0,有,1,2,7
預售屋,大安區,房地(土地+建物)+車位,5.46,土地:19建物:1車位:1,二十六層,住宅大樓(11層含以上有電梯),住家用,69.8,3.0,2.0,2.0,有,,13043,否,坡道平面1,10.83,,1,3,9
預售屋,大安區,房地(土地+建物),2.25,土地:19建物:1車位:,三十一層,住宅大樓(11層含以上有電梯),住家用,26.18,2.0,2.0,1.0,有,,5780,否,,0.0,,1,3,9
預售屋,內湖區,房地(土地+建物)+車位,4.87,土地:6建物:1車位:1,十五層,住宅大樓(11層含以上有電梯),住家用,47.2,3.0,2.0,2.0,有,,4529,否,坡道平面1,11.17,,0,2,2
預售屋,北投區,房地(土地+建物)+車位,28.13,土地:1建物:1車位:5,十二層,辦公商業大樓,商業用,240.4,,,,無,,15377,否,坡道平面5,36.01,,0,0,0
買賣,士林區,房地(土地+建物),27.13,土地:2建物:1車位:,一層,公寓(5樓含以下無電梯),住家用,31.38,4.0,2.0,2.0,有,無,1750,否,,0.0,無,0,0,0
買賣,大安區,房地(土地+建物),9.59,土地:1建物:1車位:,二層,華廈(10層含以下有電梯),住家用,45.3,4.0,2.0,2.0,有,有,4088,否,,0.0,有,0,4,14
買賣,信義區,房地(土地+建物),13.82,土地:1建物:1車位:,三層,華廈(10層含以下有電梯),住家用,68.03,10.0,0.0,10.0,有,無,3928,否,,0.0,有,0,1,4
買賣,中正區,房地(土地+建物),34.03,土地:1建物:15車位:,八層,大樓(11層含以上有電梯),見其他登記事項,249.3,16.0,0.0,16.0,有,有,19944,否,,0.0,有,3,6,18
買賣,中山區,房地(土地+建物),4.27,土地:1建物:2車位:,四層,華廈(10層含以下有電梯),住家用,22.21,2.0,1.0,1.0,有,有,2000,否,,0.0,有,0,1,3
買賣,松山區,房地(土地+建物),1.79,土地:1建物:1車位:,六層,華廈(10層含以下有電梯),住家用,9.29,1.0,0.0,1.0,有,有,1020,否,,0.0,有,3,5,13
買賣,中山區,房地(土地+建物),1.11,土地:1建物:1車位:,三層,大樓(11層含以上有電梯),住家用,12.15,2.0,2.0,1.0,有,有,1350,否,,0.0,有,2,8,11
買賣,信義區,房地(土地+建物),5.99,土地:1建物:1車位:,五層,華廈(10層含以下有電梯),住家用,32.8,3.0,2.0,2.0,有,無,2000,否,,0.0,有,1,1,4
買賣,內湖區,房地(土地+建物),9.37,土地:1建物:1車位:,七層,華廈(10層含以下有電梯),住家用,39.11,3.0,2.0,2.0,有,有,2388,否,,0.0,有,0,0,2
預售屋,文山區,房地(土地+建物)+車位,4.02,土地:26建物:1車位:1,四層,住宅大樓(11層含以上有電梯),見其他登記事項,36.1,2.0,2.0,1.0,有,,2722,否,坡道平面1,9.92,,0,0,2
預售屋,中正區,房地(土地+建物)+車位,3.15,土地:8建物:1車位:1,五層,住宅大樓(11層含以上有電梯),住家用,34.95,2.0,1.0,2.0,有,,4884,否,塔式車位1,3.28,,3,7,14
買賣,內湖區,房地(土地+建物)+車位,28.87,土地:1建物:1車位:5,三層,大樓(11層含以上有電梯),工業用,221.04,0.0,1.0,0.0,有,有,12355,是,坡道平面5,0.0,有,0,2,3
買賣,內湖區,房地(土地+建物),9.98,土地:1建物:1車位:,"一層,停車場",公寓(5樓含以下無電梯),商業用,25.7,3.0,2.0,1.0,有,無,1950,否,,0.0,無,0,0,1
